timestamp,left_shoulder_pitch_joint,left_shoulder_roll_joint,left_shoulder_yaw_joint,left_elbow_joint,left_wrist_roll_joint,left_wrist_pitch_joint,right_shoulder_pitch_joint,right_shoulder_roll_joint,right_shoulder_yaw_joint,right_elbow_joint,right_wrist_roll_joint,right_wrist_pitch_joint
0.000,1.464822769165039,0.8018386363983154,0.6443345546722412,0.11481156945228577,0.0,0,1.4021711349487305,-0.7037369608879089,-0.8983466029167175,0.4521523714065552,0.0,0
0.100,1.4701955318450928,0.8128196597099304,0.6405150294303894,0.07703232020139694,0.0,0,1.4014312028884888,-0.7149206399917603,-0.9042488932609558,0.4736590087413788,0.0,0
0.200,1.4587653875350952,0.8255189061164856,0.6450597643852234,0.10577677562832832,0.0,0,1.4106820821762085,-0.7107350528240204,-0.8876383900642395,0.3616432249546051,0.0,0
0.300,1.4473352432250977,0.8382181525230408,0.6496044993400574,0.1345212310552597,0.0,0,1.4199329614639282,-0.7065494656562805,-0.8710278868675232,0.24962744116783142,0.0,0
0.400,1.4527854919433594,0.8303059935569763,0.6544021964073181,0.1431729793548584,0.0,0,1.4940788745880127,-0.8775385022163391,-0.8043310642242432,0.07583513110876083,0.0,0
0.500,1.4469953179359436,0.8034656047821045,0.6525542438030243,0.1890437975525856,0.0,0,1.3032289147377014,-0.8908535838127136,-0.9642999172210693,0.016112351790070534,0.0,0
0.600,1.4412051439285278,0.7766252160072327,0.6507062911987305,0.2349146157503128,0.0,0,1.1123789548873901,-0.9041686654090881,-1.1242687702178955,-0.043610427528619766,0.0,0
0.700,1.3491926193237305,0.8453042507171631,0.6365699470043182,0.1279113721102476,0.0,0,1.231295108795166,-0.95297971367836,-1.141730785369873,-0.04674040526151657,0.0,0
0.800,1.257180094718933,0.9139832854270935,0.622433602809906,0.02090812847018242,0.0,0,1.350211262702942,-1.0017907619476318,-1.1591928005218506,-0.049870382994413376,0.0,0
0.900,1.2500391006469727,0.888751745223999,0.6056664288043976,0.033776674419641495,0.0,0,1.41458398103714,-0.9745023250579834,-1.273424208164215,-0.07753431983292103,0.0,0
1.000,1.2428981065750122,0.8635202050209045,0.5888992547988892,0.04664522036910057,0.0,0,1.478956699371338,-0.947213888168335,-1.3876556158065796,-0.10519825667142868,0.0,0
1.100,1.1460374593734741,0.9086852073669434,0.5130747556686401,0.04626854136586189,0.0,0,1.5238714218139648,-1.1404938697814941,-1.5607794523239136,-0.16004836559295654,0.0,0
1.200,0.9558211458580834,0.8264933739389693,0.6601611716406686,0.017328214432512014,0.0,0,1.3818289382117135,-1.1955269575119019,-1.5021330458777291,-0.13052310634936606,0.0,0
1.300,0.7656048323426928,0.7443015405109951,0.807247587612697,-0.011612112500837865,0.0,0,1.2397864546094621,-1.2505600452423096,-1.4434866394315446,-0.10099784710577556,0.0,0
1.400,0.5753885188273021,0.6621097070830209,0.9543340035847254,-0.04055243943418775,0.0,0,1.097743971007211,-1.3055931329727173,-1.3848402329853604,-0.07147258786218508,0.0,0
1.500,0.38517220531191154,0.5799178736550468,1.1014204195567538,-0.06949276636753762,0.0,0,0.9557014874049595,-1.360626220703125,-1.326193826539176,-0.041947328618594584,0.0,0
1.600,0.19495589179652073,0.49772604022707256,1.2485068355287825,-0.09843309330088751,0.0,0,0.8136590038027082,-1.4156593084335327,-1.2675474200929915,-0.012422069375004091,0.0,0
1.700,0.004739578281130141,0.41553420679909847,1.3955932515008107,-0.1273734202342374,0.0,0,0.6716165202004569,-1.4706923961639404,-1.208901013646807,0.017103189868586388,0.0,0
1.800,-0.18547673523426056,0.33334237337112427,1.5426796674728394,-0.15631374716758728,0.0,0,0.5295740365982056,-1.5257254838943481,-1.1502546072006226,0.046628449112176895,0.0,0
1.900,-0.040704064071178436,0.3694301148255666,1.444048096736272,-0.14260619754592577,0.0,0,0.3644156704346339,-1.5547707478205364,-0.973904707779487,0.07964367233216763,0.0,0
2.000,0.10406860709190369,0.4055178562800089,1.345416525999705,-0.12889864792426428,0.0,0,0.19925730427106225,-1.5838160117467244,-0.7975548083583515,0.11265889555215836,0.0,0
2.100,0.2488412782549858,0.4416055977344513,1.2467849552631378,-0.11519109830260277,0.0,0,0.03409893810749054,-1.6128612756729126,-0.6212049089372158,0.14567411877214909,0.0,0
2.200,0.39361394941806793,0.4776933391888936,1.1481533845265708,-0.10148354868094127,0.0,0,-0.13105942805608106,-1.6419065395991008,-0.44485500951608026,0.17868934199213982,0.0,0
2.300,0.53838662058115,0.513781080643336,1.0495218137900033,-0.08777599905927976,0.0,0,-0.2962177942196529,-1.6709518035252888,-0.2685051100949446,0.21170456521213055,0.0,0
2.400,0.6831592917442322,0.5498688220977783,0.9508902430534363,-0.07406844943761826,0.0,0,-0.4613761603832245,-1.699997067451477,-0.09215521067380905,0.24471978843212128,0.0,0
2.500,0.5138402700424194,0.5111778616905213,1.0743671894073485,-0.08656290769577027,0.0,0,-0.5551711320877075,-1.6184540748596192,-0.12127597630023956,0.24230760633945464,0.0,0
2.600,0.34452124834060666,0.47248690128326415,1.197844135761261,-0.09905736595392227,0.0,0,-0.6489661037921906,-1.5369110822677612,-0.15039674192667007,0.23989542424678803,0.0,0
2.700,0.17520222663879392,0.4337959408760071,1.3213210821151733,-0.11155182421207427,0.0,0,-0.7427610754966736,-1.4553680896759034,-0.17951750755310059,0.2374832421541214,0.0,0
2.800,0.0058832049369811346,0.39510498046875,1.4447980284690858,-0.12404628247022628,0.0,0,-0.8365560472011566,-1.3738250970840453,-0.2086382731795311,0.23507106006145478,0.0,0
2.900,-0.16343581676483154,0.3564140200614929,1.568274974822998,-0.1365407407283783,0.0,0,-0.9303510189056396,-1.2922821044921875,-0.2377590388059616,0.23265887796878815,0.0,0
3.000,-0.16297080963850022,0.35836936831474303,1.5687624335289,-0.1350328028202057,0.0,0,-0.7344700455665588,-1.3043256640434264,-0.402244333922863,0.18577992916107178,0.0,0
3.100,-0.1625058025121689,0.36032471656799314,1.5692498922348022,-0.13352486491203308,0.0,0,-0.538589072227478,-1.3163692235946656,-0.5667296290397644,0.1389009803533554,0.0,0
3.200,-0.16204079538583754,0.3622800648212433,1.5697373509407044,-0.13201692700386047,0.0,0,-0.34270809888839726,-1.3284127831459045,-0.7312149241566658,0.09202203154563904,0.0,0
3.300,-0.16157578825950622,0.3642354130744934,1.5702248096466065,-0.13050898909568787,0.0,0,-0.14682712554931632,-1.3404563426971436,-0.8957002192735672,0.04514308273792267,0.0,0
3.400,-0.1611107811331749,0.36619076132774353,1.5707122683525085,-0.12900105118751526,0.0,0,0.049053847789764404,-1.3524999022483826,-1.0601855143904686,-0.0017358660697937012,0.0,0
3.500,-0.16064577400684357,0.36814610958099364,1.5711997270584106,-0.12749311327934265,0.0,0,0.24493482112884513,-1.3645434617996215,-1.22467080950737,-0.04861481487751007,0.0,0
3.600,-0.16018076688051225,0.37010145783424375,1.5716871857643127,-0.12598517537117004,0.0,0,0.44081579446792585,-1.3765870213508606,-1.3891561046242713,-0.09549376368522644,0.0,0
3.700,-0.1597157597541809,0.3720568060874939,1.572174644470215,-0.12447723746299744,0.0,0,0.636696767807007,-1.3886305809020996,-1.5536413997411729,-0.1423727124929428,0.0,0
3.800,-0.15925075262784957,0.37401215434074403,1.572662103176117,-0.12296929955482483,0.0,0,0.8325777411460877,-1.4006741404533387,-1.7181266948580742,-0.18925166130065918,0.0,0
3.900,-0.15878574550151825,0.37596750259399414,1.573149561882019,-0.12146136164665222,0.0,0,1.0284587144851685,-1.4127177000045776,-1.8826119899749756,-0.23613061010837555,0.0,0
4.000,-0.02847857922315597,0.4275157332420349,1.4683753550052643,-0.09918365553021431,0.0,0,0.8454264104366302,-1.4022460103034973,-1.7693996965885161,-0.22259894534945487,0.0,0
4.100,0.10182858705520631,0.47906396389007566,1.3636011481285095,-0.0769059494137764,0.0,0,0.662394106388092,-1.391774320602417,-1.656187403202057,-0.2090672805905342,0.0,0
4.200,0.23213575333356856,0.5306121945381165,1.2588269412517548,-0.054628243297338494,0.0,0,0.47936180233955383,-1.3813026309013368,-1.5429751098155975,-0.19553561583161355,0.0,0
4.300,0.36244291961193087,0.5821604251861572,1.154052734375,-0.03235053718090057,0.0,0,0.2963294982910156,-1.3708309412002564,-1.4297628164291383,-0.18200395107269288,0.0,0
4.400,0.4927500858902931,0.633708655834198,1.0492785274982452,-0.010072831064462662,0.0,0,0.11329719424247742,-1.360359251499176,-1.3165505230426788,-0.1684722863137722,0.0,0
4.500,0.6230572521686554,0.6852568864822388,0.9445043206214905,0.012204875051975234,0.0,0,-0.06973510980606079,-1.3498875617980957,-1.2033382296562194,-0.15494062155485155,0.0,0
4.600,0.7533644184470176,0.7368051171302795,0.8397301137447357,0.03448258116841316,0.0,0,-0.252767413854599,-1.3394158720970153,-1.0901259362697602,-0.14140895679593085,0.0,0
4.700,0.88367158472538,0.7883533477783203,0.734955906867981,0.05676028728485108,0.0,0,-0.4357997179031372,-1.3289441823959351,-0.9769136428833007,-0.1278772920370102,0.0,0
4.800,1.0139787510037424,0.839901578426361,0.6301816999912262,0.079037993401289,0.0,0,-0.6188320219516754,-1.3184724926948548,-0.8637013494968413,-0.11434562727808951,0.0,0
4.900,1.1442859172821045,0.8914498090744019,0.5254074931144714,0.1013156995177269,0.0,0,-0.8018643260002136,-1.3080008029937744,-0.7504890561103821,-0.10081396251916885,0.0,0
5.000,1.143445038795471,0.8915432572364808,0.5250698566436768,0.10243833661079407,0.0,0,-0.6173722803592682,-1.3223157167434691,-0.8661502540111542,-0.11451541557908058,0.0,0
5.100,1.142604160308838,0.8916367053985595,0.5247322201728821,0.10356097370386123,0.0,0,-0.4328802347183227,-1.336630630493164,-0.9818114519119263,-0.12821686863899232,0.0,0
5.200,1.1417632818222045,0.8917301535606384,0.5243945837020874,0.10468361079692841,0.0,0,-0.24838818907737736,-1.3509455442428588,-1.0974726498126983,-0.14191832169890403,0.0,0
5.300,1.1409224033355714,0.8918236017227172,0.5240569472312927,0.10580624788999557,0.0,0,-0.0638961434364318,-1.3652604579925538,-1.2131338477134705,-0.15561977475881578,0.0,0
5.400,1.140081524848938,0.8919170498847961,0.523719310760498,0.10692888498306274,0.0,0,0.12059590220451355,-1.3795753717422485,-1.3287950456142426,-0.1693212278187275,0.0,0
5.500,1.1392406463623046,0.892010498046875,0.5233816742897034,0.10805152207612992,0.0,0,0.3050879478454589,-1.3938902854919433,-1.4444562435150146,-0.1830226808786392,0.0,0
5.600,1.1383997678756714,0.8921039462089538,0.5230440378189087,0.10917415916919708,0.0,0,0.48957999348640424,-1.4082051992416382,-1.5601174414157866,-0.19672413393855093,0.0,0
5.700,1.137558889389038,0.8921973943710327,0.522706401348114,0.11029679626226425,0.0,0,0.67407203912735,-1.422520112991333,-1.675778639316559,-0.2104255869984627,0.0,0
5.800,1.1367180109024049,0.8922908425331115,0.5223687648773193,0.11141943335533142,0.0,0,0.8585640847682954,-1.436835026741028,-1.791439837217331,-0.22412704005837442,0.0,0
5.900,1.1358771324157715,0.8923842906951904,0.5220311284065247,0.11254207044839859,0.0,0,1.0430561304092407,-1.4511499404907227,-1.907101035118103,-0.23782849311828613,0.0,0
6.000,0.9889641205469768,0.7905474503835043,0.6783423622449238,0.07550701359286904,0.0,0,1.0238831639289856,-1.4581748644510906,-1.8889312744140625,-0.23067718744277954,0.0,0
6.100,0.842051108678182,0.6887106100718181,0.8346535960833231,0.0384719567373395,0.0,0,1.0047101974487305,-1.4651997884114583,-1.870761513710022,-0.22352588176727295,0.0,0
6.200,0.6951380968093872,0.5868737697601318,0.9909648299217224,0.0014368998818099499,0.0,0,0.9855372309684753,-1.4722247123718262,-1.8525917530059814,-0.21637457609176636,0.0,0
6.300,0.8713409105936686,0.6780370871225992,0.8626781304677328,0.05002537587036689,0.0,0,0.9559353391329447,-1.3917941649754841,-1.9617096583048503,-0.22267255187034607,0.0,0
6.400,1.04754372437795,0.7692004044850667,0.7343914310137432,0.09861385185892382,0.0,0,0.9263334472974142,-1.3113636175791423,-2.0708275636037192,-0.22897052764892578,0.0,0
6.500,1.2237465381622314,0.8603637218475342,0.6061047315597534,0.14720232784748077,0.0,0,0.8967315554618835,-1.2309330701828003,-2.179945468902588,-0.2352685034275055,0.0,0
6.600,1.2396868637629919,0.8564014605113438,0.6188990047999791,0.1466487773827144,0.0,0,0.6969035182680403,-1.2442074162619454,-2.01140524659838,-0.22534060903957912,0.0,0
6.700,1.255627189363752,0.8524391991751534,0.6316932780402047,0.14609522691794805,0.0,0,0.49707548107419697,-1.2574817623410905,-1.842865024294172,-0.21541271465165274,0.0,0
6.800,1.2715675149645125,0.848476937838963,0.6444875512804303,0.14554167645318167,0.0,0,0.29724744388035373,-1.2707561084202357,-1.6743248019899641,-0.2054848202637264,0.0,0
6.900,1.2875078405652727,0.8445146765027728,0.6572818245206561,0.14498812598841532,0.0,0,0.09741940668651039,-1.284030454499381,-1.505784579685756,-0.1955569258758,0.0,0
7.000,1.303448166166033,0.8405524151665824,0.6700760977608817,0.14443457552364894,0.0,0,-0.10240863050733295,-1.2973048005785262,-1.3372443573815482,-0.18562903148787363,0.0,0
7.100,1.3193884917667933,0.836590153830392,0.6828703710011074,0.1438810250588826,0.0,0,-0.3022366677011761,-1.3105791466576713,-1.1687041350773404,-0.17570113709994725,0.0,0
7.200,1.3353288173675537,0.8326278924942017,0.695664644241333,0.1433274745941162,0.0,0,-0.5020647048950195,-1.3238534927368164,-1.0001639127731323,-0.16577324271202087,0.0,0
7.300,1.4729857444763184,0.8907510042190552,0.6976190209388733,0.1399082988500595,0.0,0,-0.36023807525634766,-1.2935326099395752,-0.9561588764190674,-0.12935176491737366,0.0,0
7.400,1.4165428578853607,0.8758227229118347,0.8239908277988434,0.13406359180808067,0.0,0,-0.17797666788101196,-1.2463514924049377,-0.9920000195503235,-0.1260734349489212,0.0,0
7.500,1.360099971294403,0.8608944416046143,0.9503626346588134,0.12821888476610183,0.0,0,0.0042847394943237305,-1.1991703748703002,-1.0278411626815795,-0.12279510498046875,0.0,0
7.600,1.3036570847034454,0.8459661602973938,1.0767344415187836,0.122374177724123,0.0,0,0.18654614686965942,-1.151989257335663,-1.0636823058128357,-0.1195167750120163,0.0,0
7.700,1.2472141981124878,0.8310378789901733,1.2031062483787536,0.11652947068214417,0.0,0,0.3688075542449951,-1.1048081398010254,-1.0995234489440917,-0.11623844504356384,0.0,0
7.800,1.1907713115215302,0.8161095976829529,1.3294780552387238,0.11068476364016533,0.0,0,0.5510689616203308,-1.057627022266388,-1.135364592075348,-0.11296011507511139,0.0,0
7.900,1.1343284249305725,0.8011813163757324,1.455849862098694,0.10484005659818649,0.0,0,0.7333303689956665,-1.0104459047317504,-1.171205735206604,-0.10968178510665894,0.0,0
8.000,1.0778855383396149,0.786253035068512,1.582221668958664,0.09899534955620766,0.0,0,0.9155917763710022,-0.9632647871971131,-1.20704687833786,-0.10640345513820648,0.0,0
8.100,1.0214426517486572,0.7713247537612915,1.708593475818634,0.09315064251422882,0.0,0,1.097853183746338,-0.9160836696624756,-1.2428880214691163,-0.10312512516975403,0.0,0
8.200,0.9649997651576996,0.756396472454071,1.8349652826786043,0.08730593547224999,0.0,0,1.2801145911216736,-0.8689025521278382,-1.2787291646003722,-0.09984679520130157,0.0,0
8.300,0.9085568785667419,0.7414681911468506,1.9613370895385742,0.08146122843027115,0.0,0,1.4623759984970093,-0.8217214345932007,-1.3145703077316284,-0.09656846523284912,0.0,0
8.400,0.910883903503418,0.8015235066413879,2.02695631980896,-0.03456079587340355,0.0,0,1.3707213401794434,-0.8980587720870972,-1.1613337993621826,-0.06667245924472809,0.0,0
8.500,1.0903790235519408,0.7605183720588684,1.9004605293273926,-0.010336700081825256,0.0,0,1.336753487586975,-0.867192542552948,-1.1550134897232056,-0.056128690391778945,0.0,0
8.600,1.269874143600464,0.7195132374763489,1.7739647388458253,0.013887395709753038,0.0,0,1.3027856349945068,-0.8363263130187988,-1.1486931800842286,-0.0455849215388298,0.0,0
8.700,1.4493692636489868,0.6785081028938293,1.6474689483642577,0.03811149150133132,0.0,0,1.2688177824020386,-0.8054600834846497,-1.1423728704452514,-0.035041152685880664,0.0,0
8.800,1.6288643836975099,0.6375029683113098,1.5209731578826904,0.062335587292909625,0.0,0,1.2348499298095703,-0.7745938539505005,-1.1360525608062744,-0.024497383832931513,0.0,0
8.900,1.8083595037460327,0.5964978337287903,1.394477367401123,0.08655968308448792,0.0,0,1.200882077217102,-0.7437276244163513,-1.1297322511672974,-0.013953614979982376,0.0,0
9.000,1.8267970085144043,0.579270601272583,1.4104923903942108,0.06105756061151624,0.0,0,1.0021569430828094,-0.6893842220306396,-1.2819618880748749,-0.03567188698798418,0.0,0
9.100,1.8452345132827759,0.5620433688163757,1.4265074133872986,0.03555543813854456,0.0,0,0.8034318089485168,-0.635040819644928,-1.4341915249824524,-0.057390158995985985,0.0,0
9.200,1.8636720180511475,0.5448161363601685,1.4425224363803864,0.010053315665572882,0.0,0,0.6047066748142242,-0.5806974172592163,-1.58642116189003,-0.07910843100398779,0.0,0
9.300,1.882109522819519,0.5275889039039612,1.4585374593734741,-0.015448806807398796,0.0,0,0.40598154067993164,-0.5263540148735046,-1.7386507987976074,-0.1008267030119896,0.0,0
9.400,1.893900990486145,0.48541346192359924,1.5928497314453125,-0.14792107045650482,0.0,0,0.357323557138443,-0.40817099809646606,-1.6881787776947021,-0.08191537111997604,0.0,0
9.500,1.8683618307113647,0.5523975118994713,1.6270000338554382,-0.18136725202202797,0.0,0,0.5245420858263969,-0.4176663011312485,-1.5509946048259735,-0.02970247156918049,0.0,0
9.600,1.8428226709365845,0.6193815618753433,1.661150336265564,-0.21481343358755112,0.0,0,0.6917606145143509,-0.4271616041660309,-1.4138104319572449,0.022510427981615067,0.0,0
9.700,1.8172835111618042,0.6863656118512154,1.6953006386756897,-0.24825961515307426,0.0,0,0.8589791432023048,-0.4366569072008133,-1.2766262590885162,0.07472332753241062,0.0,0
9.800,1.791744351387024,0.7533496618270874,1.7294509410858154,-0.2817057967185974,0.0,0,1.0261976718902588,-0.4461522102355957,-1.1394420862197876,0.12693622708320618,0.0,0
9.900,1.81326562166214,0.7046755254268646,1.6159732937812805,-0.2035854160785675,0.0,0,1.1028470993041992,-0.5811895132064819,-1.1174204349517822,0.0573069523088634,0.0,0
10.000,1.8347868919372559,0.6560013890266418,1.5024956464767456,-0.1254650354385376,0.0,0,1.1794965267181396,-0.7162268161773682,-1.0953987836837769,-0.012322322465479374,0.0,0
10.100,1.7522391080856323,0.7516939342021942,1.4514545798301697,-0.131059430539608,0.0,0,1.2965356707572937,-0.7641638815402985,-1.157166838645935,-0.018117479514330626,0.0,0
10.200,1.6696913242340088,0.8473864793777466,1.4004135131835938,-0.1366538256406784,0.0,0,1.4135748147964478,-0.8121009469032288,-1.2189348936080933,-0.023912636563181877,0.0,0
10.300,1.6241419911384583,0.8634195923805237,1.298414409160614,-0.10882105305790901,0.0,0,1.436318039894104,-0.7874716818332672,-1.3286811709403992,-0.0550644239410758,0.0,0
10.400,1.5785926580429077,0.8794527053833008,1.1964153051376343,-0.08098828047513962,0.0,0,1.4590612649917603,-0.7628424167633057,-1.438427448272705,-0.08621621131896973,0.0,0
10.500,1.398576669808891,0.8422284324963888,1.2395836512247722,-0.09390472372372945,0.0,0,1.3903811507754855,-0.7951083580652872,-1.5123456584082708,-0.10141955978340572,0.0,0
10.600,1.2185606815748744,0.8050041596094767,1.28275199731191,-0.10682116697231928,0.0,0,1.3217010365592108,-0.8273742993672689,-1.5862638685438368,-0.11662290824784173,0.0,0
10.700,1.038544693340858,0.7677798867225647,1.3259203433990479,-0.11973761022090912,0.0,0,1.2530209223429363,-0.8596402406692505,-1.6601820786794026,-0.1318262567122777,0.0,0
10.800,0.8585287051068412,0.7305556138356527,1.3690886894861858,-0.13265405346949893,0.0,0,1.1843408081266615,-0.8919061819712321,-1.7341002888149686,-0.14702960517671373,0.0,0
10.900,0.6785127168728246,0.6933313409487406,1.4122570355733235,-0.1455704967180888,0.0,0,1.1156606939103868,-0.9241721232732137,-1.8080184989505343,-0.16223295364114973,0.0,0
11.000,0.498496728638808,0.6561070680618286,1.4554253816604614,-0.15848693996667862,0.0,0,1.0469805796941123,-0.9564380645751953,-1.8819367090861001,-0.17743630210558572,0.0,0
11.100,0.31848074040479135,0.6188827951749165,1.4985937277475994,-0.17140338321526843,0.0,0,0.9783004654778374,-0.9887040058771769,-1.955854919221666,-0.19263965057002175,0.0,0
11.200,0.1384647521707747,0.5816585222880046,1.541762073834737,-0.18431982646385828,0.0,0,0.9096203512615628,-1.0209699471791585,-2.029773129357232,-0.20784299903445774,0.0,0
11.300,-0.04155123606324196,0.5444342494010925,1.584930419921875,-0.19723626971244812,0.0,0,0.8409402370452881,-1.0532358884811401,-2.103691339492798,-0.22304634749889374,0.0,0
11.400,-0.04196371138095856,0.5180453300476074,1.5868984937667847,-0.19189521670341492,0.0,0,0.6411945909261704,-1.1189209938049316,-1.975062656402588,-0.21643062829971313,0.0,0
11.500,-0.042376186698675156,0.4916564106941223,1.5888665676116944,-0.1865541636943817,0.0,0,0.4414489448070526,-1.184606099128723,-1.846433973312378,-0.20981490910053252,0.0,0
11.600,-0.042788662016391754,0.4652674913406372,1.590834641456604,-0.1812131106853485,0.0,0,0.24170329868793494,-1.2502912044525147,-1.7178052902221679,-0.20319918990135194,0.0,0
11.700,-0.04320113733410835,0.4388785719871521,1.5928027153015136,-0.1758720576763153,0.0,0,0.041957652568817116,-1.3159763097763062,-1.589176607131958,-0.19658347070217133,0.0,0
11.800,-0.04361361265182495,0.412489652633667,1.5947707891464233,-0.1705310046672821,0.0,0,-0.1577879935503006,-1.3816614151000977,-1.460547924041748,-0.18996775150299072,0.0,0
11.900,0.0504887614931379,0.4359859653881618,1.4966268794877189,-0.15308183218751636,0.0,0,0.02110846127782548,-1.321928083896637,-1.6228008270263672,-0.18577076281820024,0.0,0
12.000,0.14459113563810075,0.4594822781426566,1.3984829698290144,-0.1356326597077506,0.0,0,0.20000491610595156,-1.2621947526931763,-1.7850537300109863,-0.18157377413340978,0.0,0
12.100,0.23869350978306358,0.4829785908971514,1.30033906017031,-0.11818348722798484,0.0,0,0.3789013709340776,-1.2024614214897156,-1.9473066329956055,-0.1773767854486193,0.0,0
12.200,0.33279588392802645,0.5064749036516462,1.2021951505116055,-0.10073431474821909,0.0,0,0.5577978257622037,-1.1427280902862549,-2.1095595359802246,-0.17317979676382883,0.0,0
12.300,0.4268982580729893,0.529971216406141,1.1040512408529009,-0.08328514226845332,0.0,0,0.7366942805903298,-1.0829947590827942,-2.2718124389648438,-0.16898280807903834,0.0,0
12.400,0.5210006322179521,0.5534675291606358,1.0059073311941966,-0.06583596978868758,0.0,0,0.9155907354184558,-1.0232614278793335,-2.434065341949463,-0.16478581939424788,0.0,0
12.500,0.615103006362915,0.5769638419151306,0.9077634215354919,-0.048386797308921814,0.0,0,1.094487190246582,-0.9635280966758728,-2.596318244934082,-0.1605888307094574,0.0,0
12.600,0.42968539148569107,0.5358814671635628,1.0744836181402206,-0.07046233117580414,0.0,0,1.1068629026412964,-0.9456595480442047,-2.596183955669403,-0.1565137468278408,0.0,0
12.700,0.2442677766084671,0.49479909241199493,1.2412038147449493,-0.09253786504268646,0.0,0,1.1192386150360107,-0.9277909994125366,-2.596049666404724,-0.1524386629462242,0.0,0
12.800,0.058850161731243134,0.4537167176604271,1.407924011349678,-0.11461339890956879,0.0,0,1.131614327430725,-0.9099224507808685,-2.595915377140045,-0.14836357906460762,0.0,0
12.900,-0.12656745314598083,0.41263434290885925,1.5746442079544067,-0.1366889327764511,0.0,0,1.1439900398254395,-0.8920539021492004,-2.595781087875366,-0.14428849518299103,0.0,0
13.000,0.04955461248755455,0.47923342511057854,1.4848823621869087,-0.11833282560110092,0.0,0,0.9941359562799335,-0.9394624307751656,-2.4498840868473053,-0.15800207294523716,0.0,0
13.100,0.22567667812108994,0.5458325073122978,1.3951205164194107,-0.09997671842575073,0.0,0,0.8442818727344275,-0.9868709594011307,-2.3039870858192444,-0.1717156507074833,0.0,0
13.200,0.4017987437546253,0.6124315895140171,1.3053586706519127,-0.08162061125040054,0.0,0,0.6944277891889215,-1.0342794880270958,-2.1580900847911835,-0.18542922846972942,0.0,0
13.300,0.5779208093881607,0.6790306717157364,1.2155968248844147,-0.06326450407505035,0.0,0,0.5445737056434155,-1.081688016653061,-2.0121930837631226,-0.19914280623197556,0.0,0
13.400,0.7540428750216961,0.7456297539174557,1.1258349791169167,-0.044908396899700165,0.0,0,0.39471962209790945,-1.129096545279026,-1.8662960827350616,-0.2128563839942217,0.0,0
13.500,0.9301649406552315,0.812228836119175,1.0360731333494186,-0.026552289724349976,0.0,0,0.24486553855240345,-1.1765050739049911,-1.7203990817070007,-0.22656996175646782,0.0,0
13.600,1.1062870062887669,0.8788279183208942,0.9463112875819206,-0.008196182548999786,0.0,0,0.09501145500689745,-1.2239136025309563,-1.5745020806789398,-0.24028353951871395,0.0,0
13.700,1.2824090719223022,0.9454270005226135,0.8565494418144226,0.010159924626350403,0.0,0,-0.05484262853860855,-1.2713221311569214,-1.428605079650879,-0.2539971172809601,0.0,0
13.800,1.3215112835168839,0.9494877979159355,0.9077150747179985,-0.0042443061247467995,0.0,0,0.13978552538901567,-1.2218014374375343,-1.4266297966241837,-0.2431553453207016,0.0,0
13.900,1.3606134951114655,0.9535485953092575,0.9588807076215744,-0.018648536875844002,0.0,0,0.3344136793166399,-1.1722807437181473,-1.4246545135974884,-0.23231357336044312,0.0,0
14.000,1.399715706706047,0.9576093927025795,1.0100463405251503,-0.033052767626941204,0.0,0,0.5290418332442641,-1.1227600499987602,-1.4226792305707932,-0.22147180140018463,0.0,0
14.100,1.4388179183006287,0.9616701900959015,1.0612119734287262,-0.047456998378038406,0.0,0,0.7236699871718884,-1.0732393562793732,-1.420703947544098,-0.21063002943992615,0.0,0
14.200,1.4779201298952103,0.9657309874892235,1.112377606332302,-0.06186122912913561,0.0,0,0.9182981410995126,-1.0237186625599861,-1.4187286645174026,-0.19978825747966766,0.0,0
14.300,1.5170223414897919,0.9697917848825455,1.163543239235878,-0.07626545988023281,0.0,0,1.1129262950271368,-0.9741979688405991,-1.4167533814907074,-0.18894648551940918,0.0,0
14.400,1.5561245530843735,0.9738525822758675,1.2147088721394539,-0.09066969063133001,0.0,0,1.307554448954761,-0.924677275121212,-1.4147780984640121,-0.1781047135591507,0.0,0
14.500,1.595226764678955,0.9779133796691895,1.2658745050430298,-0.10507392138242722,0.0,0,1.5021826028823853,-0.875156581401825,-1.412802815437317,-0.1672629415988922,0.0,0
14.600,1.6536630392074585,0.8904960453510284,1.3658778667449951,-0.12721800431609154,0.0,0,1.4599284529685974,-0.8472114205360413,-1.320120096206665,-0.1127772182226181,0.0,0
14.700,1.712099313735962,0.8030787110328674,1.4658812284469604,-0.14936208724975586,0.0,0,1.4176743030548096,-0.8192662596702576,-1.2274373769760132,-0.058291494846343994,0.0,0
14.800,1.7924305200576782,0.68671715259552,1.5002397298812866,-0.13987042754888535,0.0,0,1.2956145405769348,-0.8068105280399323,-1.1777414679527283,-0.05566541478037834,0.0,0
14.900,1.8727617263793945,0.5703555941581726,1.5345982313156128,-0.13037876784801483,0.0,0,1.17355477809906,-0.7943547964096069,-1.1280455589294434,-0.05303933471441269,0.0,0
15.000,1.887040764093399,0.5384152233600616,1.519691526889801,-0.0891919881105423,0.0,0,0.9763865694403648,-0.7233429104089737,-1.275289624929428,-0.0650181919336319,0.0,0
15.100,1.9013198018074036,0.5064748525619507,1.5047848224639893,-0.04800520837306976,0.0,0,0.7792183607816696,-0.6523310244083405,-1.4225336909294128,-0.0769970491528511,0.0,0
15.200,1.915598839521408,0.4745344817638397,1.4898781180381775,-0.006818428635597229,0.0,0,0.5820501521229744,-0.5813191384077072,-1.5697777569293976,-0.08897590637207031,0.0,0
15.300,1.9298778772354126,0.44259411096572876,1.4749714136123657,0.034368351101875305,0.0,0,0.3848819434642792,-0.510307252407074,-1.7170218229293823,-0.10095476359128952,0.0,0
15.400,1.9629652500152588,0.37418094277381897,1.5207862854003906,0.05012348294258118,0.0,0,0.380930632352829,-0.3950246572494507,-1.6847202777862549,-0.06510782241821289,0.0,0
15.500,1.9433144330978394,0.3914952278137207,1.5437999963760376,-0.019322745501995087,0.0,0,0.46504727005958557,-0.3564181327819824,-1.6539726257324219,0.0018903695745393634,0.0,0
15.600,1.8569741249084473,0.4681481719017029,1.689798355102539,-0.2018180638551712,0.0,0,0.5114860534667969,-0.37819942831993103,-1.6602208614349365,0.022263875231146812,0.0,0
15.700,1.8844382166862488,0.46035318076610565,1.575579047203064,-0.08240804448723793,0.0,0,0.4192472994327545,-0.3970144987106323,-1.660028338432312,-0.05014620441943407,0.0,0
15.800,1.9119023084640503,0.4525581896305084,1.4613597393035889,0.03700197488069534,0.0,0,0.32700854539871216,-0.4158295691013336,-1.6598358154296875,-0.12255628407001495,0.0,0
15.900,1.8897769451141357,0.4984278008341789,1.4693911969661713,-0.013764569535851479,0.0,0,0.48828959465026855,-0.4905078485608101,-1.4652549624443054,-0.10193202551454306,0.0,0
16.000,1.8676515817642212,0.5442974120378494,1.4774226546287537,-0.0645311139523983,0.0,0,0.649570643901825,-0.5651861280202866,-1.2706741094589233,-0.08130776695907116,0.0,0
16.100,1.8455262184143066,0.5901670232415199,1.485454112291336,-0.11529765836894512,0.0,0,0.8108516931533813,-0.639864407479763,-1.0760932564735413,-0.06068350840359926,0.0,0
16.200,1.823400855064392,0.6360366344451904,1.4934855699539185,-0.16606420278549194,0.0,0,0.9721327424049377,-0.7145426869392395,-0.8815124034881592,-0.040059249848127365,0.0,0
16.300,1.748267650604248,0.7680929005146027,1.449787676334381,-0.16244687139987946,0.0,0,0.9460328221321106,-0.7460641264915466,-0.8702497780323029,-0.035461995750665665,0.0,0
16.400,1.673134446144104,0.9001491665840149,1.4060897827148438,-0.15882954001426697,0.0,0,0.9199329018592834,-0.7775855660438538,-0.8589871525764465,-0.030864741653203964,0.0,0
16.500,1.4902452004866467,0.8965757952796088,1.418594863679674,-0.1784263915485806,0.0,0,0.7909544391764535,-0.7410440544287363,-0.922638561990526,-0.04237660765647888,0.0,0
16.600,1.3073559548291895,0.8930024239752028,1.431099944644504,-0.1980232430828942,0.0,0,0.6619759764936235,-0.704502542813619,-0.9862899714046054,-0.0538884736597538,0.0,0
16.700,1.1244667091717324,0.8894290526707967,1.4436050256093342,-0.21762009461720783,0.0,0,0.5329975138107936,-0.6679610311985016,-1.0499413808186848,-0.06540033966302872,0.0,0
16.800,0.9415774635142751,0.8858556813663907,1.4561101065741644,-0.23721694615152145,0.0,0,0.40401905112796366,-0.6314195195833843,-1.1135927902327643,-0.07691220566630363,0.0,0
16.900,0.7586882178568177,0.8822823100619845,1.4686151875389948,-0.2568137976858351,0.0,0,0.27504058844513357,-0.5948780079682667,-1.177244199646844,-0.08842407166957855,0.0,0
17.000,0.5757989721993606,0.8787089387575785,1.481120268503825,-0.2764106492201487,0.0,0,0.1460621257623037,-0.5583364963531494,-1.240895609060923,-0.09993593767285347,0.0,0
17.100,0.39290972654190326,0.8751355674531724,1.493625349468655,-0.29600750075446236,0.0,0,0.017083663079473732,-0.5217949847380321,-1.3045470184750028,-0.11144780367612839,0.0,0
17.200,0.21002048088444614,0.8715621961487664,1.5061304304334853,-0.3156043522887759,0.0,0,-0.11189479960335613,-0.48525347312291467,-1.3681984278890822,-0.1229596696794033,0.0,0
17.300,0.027131235226988792,0.8679888248443604,1.5186355113983154,-0.3352012038230896,0.0,0,-0.24087326228618622,-0.44871196150779724,-1.4318498373031616,-0.13447153568267822,0.0,0
17.400,-0.07197051197290422,0.8510413765907288,1.356235647201538,-0.22635662853717803,0.0,0,-0.05801458358764647,-0.5724803447723389,-1.2518466353416442,-0.1091004304587841,0.0,0
17.500,-0.17107225917279723,0.8340939283370972,1.1938357830047608,-0.11751205325126646,0.0,0,0.12484409511089328,-0.6962487280368805,-1.071843433380127,-0.08372932523488999,0.0,0
17.600,-0.2701740063726902,0.8171464800834656,1.0314359188079834,-0.008667477965354942,0.0,0,0.307702773809433,-0.8200171113014221,-0.8918402314186097,-0.05835822001099587,0.0,0
17.700,-0.36927575357258324,0.800199031829834,0.869036054611206,0.10017709732055669,0.0,0,0.4905614525079728,-0.9437854945659638,-0.7118370294570923,-0.03298711478710174,0.0,0
17.800,-0.4683775007724762,0.7832515835762024,0.7066361904144287,0.2090216726064682,0.0,0,0.6734201312065125,-1.0675538778305054,-0.531833827495575,-0.007616009563207626,0.0,0
17.900,-0.5849983890851339,0.7437489231427511,0.6326408584912618,0.3905723989009857,0.0,0,0.475724828739961,-1.0675596396128337,-0.41186603407065075,0.026781387627124786,0.0,0
18.000,-0.7016192773977915,0.7042462627092997,0.558645526568095,0.5721231251955032,0.0,0,0.27802952627340954,-1.0675654013951619,-0.29189824064572656,0.0611787848174572,0.0,0
18.100,-0.8182401657104492,0.6647436022758484,0.484650194644928,0.7536738514900208,0.0,0,0.08033422380685806,-1.0675711631774902,-0.1719304472208023,0.09557618200778961,0.0,0
18.200,-0.7956417798995972,0.5645616203546524,0.4530736953020096,0.6419402062892914,0.0,0,-0.06290842965245247,-1.0103833675384521,-0.09116770094260573,0.11080052703619003,0.0,0
18.300,-0.7730433940887451,0.4643796384334564,0.4214971959590912,0.530206561088562,0.0,0,-0.206151083111763,-0.9531955718994141,-0.01040495466440916,0.12602487206459045,0.0,0
18.400,-0.7525859177112579,0.4424262195825577,0.34190788865089417,0.4601925313472748,0.0,0,-0.3994251862168312,-0.8626057803630829,0.08881973708048463,0.2709542065858841,0.0,0
18.500,-0.7321284413337708,0.42047280073165894,0.26231858134269714,0.39017850160598755,0.0,0,-0.5926992893218994,-0.7720159888267517,0.18804442882537842,0.41588354110717773,0.0,0
18.600,-0.7792863249778748,0.379744216799736,0.23616386950016022,0.40860961377620697,0.0,0,-0.708092987537384,-0.712667852640152,0.2227453589439392,0.5056200325489044,0.0,0
18.700,-0.8264442086219788,0.3390156328678131,0.2100091576576233,0.4270407259464264,0.0,0,-0.8234866857528687,-0.6533197164535522,0.2574462890625,0.5953565239906311,0.0,0
18.800,-0.8387680724263191,0.37339526787400246,0.032164283096790314,0.4184853918850422,0.0,0,-0.9463771283626556,-0.6987730711698532,0.31526611000299454,0.5514491628855467,0.0,0
18.900,-0.8510919362306595,0.4077749028801918,-0.14568059146404266,0.409930057823658,0.0,0,-1.0692675709724426,-0.7442264258861542,0.3730859309434891,0.5075418017804623,0.0,0
19.000,-0.8634158000349998,0.44215453788638115,-0.32352546602487564,0.4013747237622738,0.0,0,-1.1921580135822296,-0.7896797806024551,0.4309057518839836,0.46363444067537785,0.0,0
19.100,-0.8757396638393402,0.4765341728925705,-0.5013703405857086,0.3928193897008896,0.0,0,-1.3150484561920166,-0.8351331353187561,0.48872557282447815,0.4197270795702934,0.0,0
19.200,-0.8880635276436806,0.5109138078987598,-0.6792152151465416,0.3842640556395054,0.0,0,-1.4379388988018036,-0.8805864900350571,0.5465453937649727,0.375819718465209,0.0,0
19.300,-0.9003873914480209,0.5452934429049492,-0.8570600897073746,0.3757087215781212,0.0,0,-1.5608293414115906,-0.926039844751358,0.6043652147054672,0.3319123573601246,0.0,0
19.400,-0.9127112552523613,0.5796730779111385,-1.0349049642682076,0.367153387516737,0.0,0,-1.6837197840213776,-0.971493199467659,0.6621850356459618,0.28800499625504017,0.0,0
19.500,-0.9250351190567017,0.6140527129173279,-1.2127498388290405,0.3585980534553528,0.0,0,-1.8066102266311646,-1.01694655418396,0.7200048565864563,0.24409763514995575,0.0,0
19.600,-0.9098219871520996,0.657301127910614,-1.222682237625122,0.26188352704048157,0.0,0,-1.8325974941253662,-0.9333378076553345,0.7987588047981262,0.4260491728782654,0.0,0
19.700,-0.9299886226654053,0.6461288332939148,-1.2127711772918701,0.2939958870410919,0.0,0,-1.7982591390609741,-0.9989361763000488,0.7424874901771545,0.289551317691803,0.0,0
19.800,-0.9611355463663737,0.5788708130518595,-1.1921147505442302,0.459278404712677,0.0,0,-1.8092596928278606,-0.9792311588923136,0.7613311012585958,0.33516918619473773,0.0,0
19.900,-0.9922824700673422,0.5116127928098043,-1.17145832379659,0.6245609223842621,0.0,0,-1.8202602465947468,-0.9595261414845785,0.780174712340037,0.3807870546976725,0.0,0
20.000,-1.0234293937683105,0.444354772567749,-1.1508018970489502,0.7898434400558472,0.0,0,-1.8312608003616333,-0.9398211240768433,0.7990183234214783,0.4264049232006073,0.0,0
20.100,-0.9396031896273295,0.4294768770535787,-0.978488028049469,0.6813311179478964,0.0,0,-1.8213128646214802,-0.94514399766922,0.7951802213986715,0.41030776500701904,0.0,0
20.200,-0.8557769854863485,0.4145989815394084,-0.8061741590499878,0.5728187958399455,0.0,0,-1.8113649288813274,-0.9504668712615967,0.7913421193758646,0.3942106068134308,0.0,0
20.300,-0.7719507813453674,0.39972108602523804,-0.6338602900505066,0.46430647373199463,0.0,0,-1.8014169931411743,-0.9557897448539734,0.7875040173530579,0.37811344861984253,0.0,0
20.400,-0.8214632272720337,0.5091992815335592,-0.8270093997319539,0.3659856269756953,0.0,0,-1.8169460693995159,-0.9288229743639628,0.8104457855224609,0.44654281934102374,0.0,0
20.500,-0.8709756731987,0.6186774770418803,-1.0201585094134011,0.267664780219396,0.0,0,-1.8324751456578572,-0.9018562038739523,0.833387553691864,0.514972190062205,0.0,0
20.600,-0.9204881191253662,0.7281556725502014,-1.2133076190948486,0.16934393346309662,0.0,0,-1.8480042219161987,-0.8748894333839417,0.8563293218612671,0.5834015607833862,0.0,0
20.700,-0.870282918214798,0.671552762389183,-1.061574324965477,0.21097255125641823,0.0,0,-1.856809288263321,-0.8651066571474075,0.8710349053144455,0.638598695397377,0.0,0
20.800,-0.8200777173042297,0.6149498522281647,-0.9098410308361053,0.25260116904973984,0.0,0,-1.8656143546104431,-0.8553238809108734,0.8857404887676239,0.6937958300113678,0.0,0
20.900,-0.7698725163936615,0.5583469420671463,-0.7581077367067337,0.29422978684306145,0.0,0,-1.8744194209575653,-0.8455411046743393,0.9004460722208023,0.7489929646253586,0.0,0
21.000,-0.7196673154830933,0.5017440319061279,-0.6063744425773621,0.33585840463638306,0.0,0,-1.8832244873046875,-0.8357583284378052,0.9151516556739807,0.8041900992393494,0.0,0
21.100,-0.7351271510124207,0.5625602900981903,-0.6798110902309418,0.4224037230014801,0.0,0,-1.7775371273358662,-0.875539501508077,0.723710760474205,0.679551345606645,0.0,0
21.200,-0.750586986541748,0.6233765482902527,-0.7532477378845215,0.5089490413665771,0.0,0,-1.6718497673670452,-0.9153206745783488,0.5322698652744293,0.5549125919739406,0.0,0
21.300,-0.7660468220710754,0.6841928064823151,-0.8266843855381012,0.5954943597316742,0.0,0,-1.5661624073982239,-0.9551018476486206,0.3408289700746536,0.4302738383412361,0.0,0
21.400,-0.7815066576004028,0.7450090646743774,-0.9001210331916809,0.6820396780967712,0.0,0,-1.4604750474294028,-0.9948830207188923,0.14938807487487793,0.30563508470853173,0.0,0
21.500,-0.7969664931297302,0.8058253228664398,-0.9735576808452606,0.7685849964618683,0.0,0,-1.3547876874605813,-1.0346641937891643,-0.042052820324897766,0.18099633107582724,0.0,0
21.600,-0.8124263286590576,0.8666415810585022,-1.0469943284988403,0.8551303148269653,0.0,0,-1.2491003274917603,-1.074445366859436,-0.23349371552467346,0.056357577443122864,0.0,0
21.700,-0.7637777924537659,0.9031912684440613,-1.012045979499817,0.938169002532959,0.0,0,-1.1683629751205444,-1.1692266464233398,-0.11298787593841553,0.21107520163059235,0.0,0
21.800,-0.7855220586061478,0.869426041841507,-1.0053694546222687,1.0265930593013763,0.0,0,-1.0407756865024567,-1.2105591595172882,-0.26637960970401764,0.13581260852515697,0.0,0
21.900,-0.8072663247585297,0.8356608152389526,-0.9986929297447205,1.1150171160697937,0.0,0,-0.9131883978843689,-1.2518916726112366,-0.41977134346961975,0.0605500154197216,0.0,0
22.000,-0.8290105909109116,0.8018955886363983,-0.9920164048671722,1.203441172838211,0.0,0,-0.7856011092662811,-1.293224185705185,-0.5731630772352219,-0.014712577685713768,0.0,0
22.100,-0.8507548570632935,0.768130362033844,-0.985339879989624,1.2918652296066284,0.0,0,-0.6580138206481934,-1.3345566987991333,-0.726554811000824,-0.08997517079114914,0.0,0
22.200,-0.7739112228155136,0.8605742305517197,-0.9921270608901978,1.132363736629486,0.0,0,-0.6565899550914764,-1.3337616920471191,-0.6952384114265442,-0.06814649736043066,0.0,0
22.300,-0.6970675885677338,0.9530180990695953,-0.9989142417907715,0.9728622436523438,0.0,0,-0.6551660895347595,-1.332966685295105,-0.6639220118522644,-0.046317823929712176,0.0,0
22.400,-0.6202239543199539,1.045461967587471,-1.0057014226913452,0.8133607506752014,0.0,0,-0.6537422239780426,-1.3321716785430908,-0.6326056122779846,-0.024489150498993695,0.0,0
22.500,-0.5433803200721741,1.1379058361053467,-1.012488603591919,0.6538592576980591,0.0,0,-0.6523183584213257,-1.3313766717910767,-0.6012892127037048,-0.0026604770682752132,0.0,0
22.600,-0.6164748817682266,1.0456980019807816,-1.0012813955545425,0.8290944695472717,0.0,0,-0.7071408629417419,-1.3229816257953644,-0.5184252932667732,0.05466747365426272,0.0,0
22.700,-0.6895694434642792,0.9534901678562164,-0.9900741875171661,1.0043296813964844,0.0,0,-0.7619633674621582,-1.314586579799652,-0.4355613738298416,0.11199542437680066,0.0,0
22.800,-0.7626640051603317,0.8612823337316513,-0.9788669794797897,1.179564893245697,0.0,0,-0.8167858719825745,-1.3061915338039398,-0.35269745439291,0.1693233750993386,0.0,0
22.900,-0.8357585668563843,0.7690744996070862,-0.9676597714424133,1.3548001050949097,0.0,0,-0.8716083765029907,-1.2977964878082275,-0.2698335349559784,0.22665132582187653,0.0,0
23.000,-0.7744844953219095,0.8448799848556519,-0.973277231057485,1.1917110284169514,0.0,0,-0.8317590355873108,-1.3039803504943848,-0.3130897382895152,0.1947827885548274,0.0,0
23.100,-0.7132104237874349,0.9206854701042175,-0.9788946906725565,1.0286219517389934,0.0,0,-0.7919096946716309,-1.310164213180542,-0.35634594162305194,0.16291425128777823,0.0,0
23.200,-0.6519363522529602,0.9964909553527832,-0.9845121502876282,0.8655328750610352,0.0,0,-0.7520603537559509,-1.3163480758666992,-0.39960214495658875,0.13104571402072906,0.0,0
23.300,-0.6050608158111572,1.0577338933944702,-1.0136841535568237,0.7363993525505066,0.0,0,-0.8756669759750366,-1.2851064205169678,-0.2667846381664276,0.21573761105537415,0.0,0
23.400,-0.6805034279823303,0.9598608016967773,-0.9889573454856873,0.9128767848014832,0.0,0,-0.7996589541435242,-1.3044394254684448,-0.3536423146724701,0.1527240127325058,0.0,0
23.500,-0.7917315065860748,0.8442760109901428,-0.9997422397136688,1.088050216436386,0.0,0,-0.7749087512493134,-1.2765621542930603,-0.48546527326107025,0.021980509161949158,0.0,0
23.600,-0.9029595851898193,0.7286912202835083,-1.0105271339416504,1.263223648071289,0.0,0,-0.7501585483551025,-1.2486848831176758,-0.6172882318496704,-0.10876299440860748,0.0,0
23.700,-0.8910600032125201,0.6819988446576255,-0.9510324512209211,1.1824347291673933,0.0,0,-0.8794575929641724,-1.2339112418038505,-0.4196450795446124,-0.05304333993366787,0.0,0
23.800,-0.8791604212352208,0.6353064690317427,-0.8915377685001918,1.1016458102634976,0.0,0,-1.0087566375732422,-1.2191376004900252,-0.2220019272395543,0.0026763145412717487,0.0,0
23.900,-0.8672608392579215,0.5886140934058598,-0.8320430857794625,1.0208568913596017,0.0,0,-1.138055682182312,-1.2043639591761999,-0.02435877493449623,0.05839596901621136,0.0,0
24.000,-0.8553612572806222,0.541921717779977,-0.7725484030587333,0.940067972455706,0.0,0,-1.2673547267913818,-1.1895903178623743,0.1732843773705618,0.11411562349115098,0.0,0
24.100,-0.8434616753033229,0.49522934215409414,-0.713053720338004,0.8592790535518101,0.0,0,-1.3966537714004517,-1.174816676548549,0.3709275296756199,0.1698352779660906,0.0,0
24.200,-0.8315620933260237,0.44853696652821134,-0.6535590376172746,0.7784901346479144,0.0,0,-1.5259528160095215,-1.1600430352347237,0.568570681980678,0.2255549324410302,0.0,0
24.300,-0.8196625113487244,0.4018445909023285,-0.5940643548965454,0.6977012157440186,0.0,0,-1.6552518606185913,-1.1452693939208984,0.7662138342857361,0.28127458691596985,0.0,0
24.400,-0.8409207314252853,0.486797459423542,-0.7494556903839111,0.5641622729599476,0.0,0,-1.661927878856659,-1.1332121789455414,0.774611696600914,0.30130237340927124,0.0,0
24.500,-0.8621789515018463,0.5717503279447556,-0.9048470258712769,0.4306233301758766,0.0,0,-1.6686038970947266,-1.1211549639701843,0.7830095589160919,0.32133015990257263,0.0,0
24.600,-0.8834371715784073,0.6567031964659691,-1.0602383613586426,0.29708438739180565,0.0,0,-1.6752799153327942,-1.1090977489948273,0.7914074212312698,0.341357946395874,0.0,0
24.700,-0.9046953916549683,0.7416560649871826,-1.2156296968460083,0.16354544460773468,0.0,0,-1.6819559335708618,-1.0970405340194702,0.7998052835464478,0.3613857328891754,0.0,0
24.800,-0.8758431524038315,0.6746416836977005,-1.0615695416927338,0.22744528576731682,0.0,0,-1.681060791015625,-1.0735897421836853,0.8159755915403366,0.4051222577691078,0.0,0
24.900,-0.8469909131526947,0.6076273024082184,-0.9075093865394592,0.29134512692689896,0.0,0,-1.6801656484603882,-1.0501389503479004,0.8321458995342255,0.4488587826490402,0.0,0
25.000,-0.8181386739015579,0.5406129211187363,-0.7534492313861847,0.3552449680864811,0.0,0,-1.6792705059051514,-1.0266881585121155,0.8483162075281143,0.4925953075289726,0.0,0
25.100,-0.7892864346504211,0.47359853982925415,-0.5993890762329102,0.41914480924606323,0.0,0,-1.6783753633499146,-1.0032373666763306,0.8644865155220032,0.536331832408905,0.0,0
25.200,-0.8845147916248867,0.4489288628101349,-0.47719783442361013,0.4703584057944161,0.0,0,-1.5737964425768172,-0.8834656072514397,0.6874050412859236,0.6102525166102818,0.0,0
25.300,-0.9797431485993522,0.4242591857910156,-0.3550065926143101,0.521572002342769,0.0,0,-1.4692175218037198,-0.763693847826549,0.5103235670498439,0.6841732008116586,0.0,0
25.400,-1.0749715055738176,0.39958950877189636,-0.23281535080501015,0.572785598891122,0.0,0,-1.3646386010306222,-0.6439220884016582,0.3332420928137644,0.7580938850130353,0.0,0
25.500,-1.1701998625482832,0.3749198317527771,-0.11062410899571012,0.6239991954394749,0.0,0,-1.2600596802575248,-0.5241503289767675,0.1561606185776847,0.8320145692144121,0.0,0
25.600,-1.2654282195227486,0.35025015473365784,0.011567132813589898,0.6752127919878279,0.0,0,-1.1554807594844272,-0.40437856955187657,-0.020920855658394966,0.905935253415789,0.0,0
25.700,-1.360656576497214,0.3255804777145386,0.13375837462288986,0.7264263885361808,0.0,0,-1.0509018387113298,-0.28460681012698585,-0.19800232989447442,0.9798559376171656,0.0,0
25.800,-1.4558849334716797,0.3009108006954193,0.25594961643218994,0.7776399850845337,0.0,0,-0.9463229179382324,-0.16483505070209503,-0.3750838041305542,1.0537766218185425,0.0,0
25.900,-1.432388921578725,0.49410372475783026,0.16890827814737958,0.6703072463472685,0.0,0,-0.7471901948253314,-0.21326926102240878,-0.2962969665726026,0.904435507953167,0.0,0
26.000,-1.4088929096857707,0.6872966488202412,0.08186693986256918,0.5629745076100032,0.0,0,-0.5480574717124304,-0.26170347134272254,-0.217510129014651,0.7550943940877914,0.0,0
26.100,-1.3853968977928162,0.8804895728826523,-0.005174398422241211,0.4556417688727379,0.0,0,-0.34892474859952927,-0.31013768166303635,-0.13872329145669937,0.6057532802224159,0.0,0
26.200,-1.3619008858998616,1.0736824969450631,-0.09221573670705158,0.34830903013547265,0.0,0,-0.1497920254866283,-0.3585718919833501,-0.0599364538987478,0.4564121663570404,0.0,0
26.300,-1.3384048740069072,1.2668754210074744,-0.179257074991862,0.2409762913982073,0.0,0,0.04934069762627291,-0.4070061023036639,0.018850383659203884,0.3070710524916649,0.0,0
26.400,-1.3149088621139526,1.4600683450698853,-0.26629841327667236,0.13364355266094208,0.0,0,0.2484734207391739,-0.45544031262397766,0.09763722121715546,0.15772993862628937,0.0,0
26.500,-1.317585837841034,1.3657732546329497,-0.3727121949195862,0.18691521137952805,0.0,0,0.28968574553728105,-0.5279452830553055,-0.10039910823106768,0.11605189889669418,0.0,0
26.600,-1.3202628135681151,1.2714781641960144,-0.4791259765625,0.240186870098114,0.0,0,0.3308980703353882,-0.6004502534866333,-0.2984354376792908,0.07437385916709899,0.0,0
26.700,-1.3229397892951966,1.177183073759079,-0.5855397582054138,0.2934585288167,0.0,0,0.3721103951334953,-0.6729552239179611,-0.49647176712751384,0.032695819437503826,0.0,0
26.800,-1.3256167650222779,1.0828879833221436,-0.6919535398483276,0.34673018753528595,0.0,0,0.4133227199316025,-0.7454601943492889,-0.6945080965757371,-0.008982220292091392,0.0,0
26.900,-1.3282937407493591,0.9885928928852081,-0.7983673214912415,0.4000018462538719,0.0,0,0.4545350447297096,-0.8179651647806168,-0.8925444260239601,-0.050660260021686554,0.0,0
27.000,-1.3309707164764404,0.8942978024482727,-0.9047811031341553,0.4532735049724579,0.0,0,0.49574736952781673,-0.8904701352119446,-1.0905807554721831,-0.09233829975128172,0.0,0
27.100,-1.3336476922035216,0.8000027120113373,-1.011194884777069,0.5065451636910439,0.0,0,0.5369596943259238,-0.9629751056432724,-1.2886170849204062,-0.13401633948087688,0.0,0
27.200,-1.3363246679306031,0.7057076215744018,-1.117608666419983,0.5598168224096298,0.0,0,0.5781720191240312,-1.0354800760746001,-1.4866534143686296,-0.17569437921047215,0.0,0
27.300,-1.3390016436576844,0.6114125311374664,-1.2240224480628967,0.6130884811282158,0.0,0,0.6193843439221383,-1.1079850465059282,-1.6846897438168527,-0.2173724189400673,0.0,0
27.400,-1.3416786193847656,0.517117440700531,-1.3304362297058105,0.6663601398468018,0.0,0,0.6605966687202454,-1.1804900169372559,-1.8827260732650757,-0.2590504586696625,0.0,0
27.500,-1.2978810199669428,0.5554532110691071,-1.1704543914113725,0.6043294423392841,0.0,0,0.47662115522793363,-1.160132156951087,-1.692402115889958,-0.20800888751234328,0.0,0
27.600,-1.2540834205491203,0.5937889814376831,-1.0104725531169347,0.5422987448317664,0.0,0,0.2926456417356219,-1.1397742969649178,-1.5020781585148404,-0.1569673163550241,0.0,0
27.700,-1.2102858211312975,0.6321247518062592,-0.8504907148224967,0.48026804732424877,0.0,0,0.10867012824331013,-1.119416436978749,-1.3117542011397227,-0.10592574519770487,0.0,0
27.800,-1.1664882217134749,0.6704605221748352,-0.6905088765280588,0.41823734981673105,0.0,0,-0.07530538524900154,-1.0990585769925798,-1.1214302437646049,-0.054884174040385675,0.0,0
27.900,-1.122690622295652,0.7087962925434113,-0.5305270382336208,0.35620665230921333,0.0,0,-0.25928089874131344,-1.078700717006411,-0.9311062863894871,-0.003842602883066426,0.0,0
28.000,-1.0788930228778295,0.7471320629119873,-0.3705451999391829,0.2941759548016957,0.0,0,-0.4432564122336251,-1.0583428570202418,-0.7407823290143696,0.04719896827425274,0.0,0
28.100,-1.0350954234600067,0.7854678332805634,-0.21056336164474487,0.232145257294178,0.0,0,-0.6272319257259369,-1.0379849970340729,-0.5504583716392517,0.09824053943157196,0.0,0
28.200,-0.991297824042184,0.8238036036491394,-0.05058152335030708,0.17011455978666035,0.0,0,-0.8112074392182484,-1.017627137047904,-0.36013441426413406,0.14928211058889113,0.0,0
28.300,-0.9475002246243613,0.8621393740177155,0.10940031494413116,0.10808386227914257,0.0,0,-0.9951829527105605,-0.9972692770617348,-0.1698104568890162,0.2003236817462104,0.0,0
28.400,-0.9037026252065385,0.9004751443862915,0.26938215323856896,0.04605316477162491,0.0,0,-1.1791584662028722,-0.976911417075566,0.020513500486101455,0.2513652529035296,0.0,0
28.500,-0.859905025788716,0.9388109147548676,0.429363991533007,-0.01597753273589264,0.0,0,-1.363133979695184,-0.9565535570893968,0.21083745786121888,0.30240682406084873,0.0,0
28.600,-0.8161074263708933,0.9771466851234436,0.5893458298274448,-0.0780082302434103,0.0,0,-1.5471094931874956,-0.9361956971032279,0.4011614152363365,0.35344839521816795,0.0,0
28.700,-0.7723098269530705,1.0154824554920197,0.7493276681218828,-0.14003892775092808,0.0,0,-1.7310850066798076,-0.9158378371170589,0.5914853726114546,0.4044899663754872,0.0,0
28.800,-0.7285122275352478,1.0538182258605957,0.9093095064163208,-0.20206962525844574,0.0,0,-1.9150605201721191,-0.8954799771308899,0.7818093299865723,0.4555315375328064,0.0,0
28.900,-0.5385020054303683,1.0755487038539007,0.9887740428631122,-0.20037895899552566,0.0,0,-1.9262698246882513,-0.870146380021022,0.7979605748103216,0.5137796585376446,0.0,0
29.000,-0.34849178332548875,1.0972791818472056,1.0682385793099036,-0.19868829273260558,0.0,0,-1.9374791292043834,-0.8448127829111539,0.8141118196340708,0.5720277795424829,0.0,0
29.100,-0.1584815612206092,1.1190096598405104,1.147703115756695,-0.1969976264696855,0.0,0,-1.9486884337205153,-0.819479185801286,0.83026306445782,0.6302759005473211,0.0,0
29.200,0.03152866088427031,1.1407401378338153,1.2271676522034864,-0.19530696020676538,0.0,0,-1.9598977382366474,-0.7941455886914179,0.8464143092815692,0.6885240215521593,0.0,0
29.300,0.22153888298914992,1.1624706158271203,1.306632188650278,-0.1936162939438453,0.0,0,-1.9711070427527795,-0.76881199158155,0.8625655541053185,0.7467721425569975,0.0,0
29.400,0.4115491050940294,1.1842010938204253,1.3860967250970693,-0.19192562768092522,0.0,0,-1.9823163472689116,-0.7434783944716821,0.8787167989290677,0.8050202635618358,0.0,0
29.500,0.6015593271989088,1.20593157181373,1.465561261543861,-0.19023496141800514,0.0,0,-1.9935256517850435,-0.718144797361814,0.894868043752817,0.8632683845666738,0.0,0
29.600,0.7915695493037884,1.227662049807035,1.5450257979906523,-0.18854429515508506,0.0,0,-2.0047349563011756,-0.6928112002519461,0.9110192885765662,0.9215165055715121,0.0,0
29.700,0.9815797714086678,1.24939252780034,1.6244903344374437,-0.18685362889216497,0.0,0,-2.0159442608173075,-0.6674776031420782,0.9271705334003155,0.9797646265763502,0.0,0
29.800,1.1715899935135476,1.271123005793645,1.7039548708842351,-0.18516296262924486,0.0,0,-2.02715356533344,-0.6421440060322101,0.9433217782240648,1.0380127475811887,0.0,0
29.900,1.3616002156184268,1.2928534837869496,1.7834194073310266,-0.18347229636632478,0.0,0,-2.0383628698495717,-0.6168104089223422,0.959473023047814,1.0962608685860267,0.0,0
30.000,1.5516104377233066,1.3145839617802546,1.862883943777818,-0.1817816301034047,0.0,0,-2.049572174365704,-0.5914768118124741,0.9756242678715632,1.1545089895908651,0.0,0
30.100,1.741620659828186,1.3363144397735596,1.9423484802246094,-0.18009096384048462,0.0,0,-2.060781478881836,-0.5661432147026062,0.9917755126953125,1.2127571105957031,0.0,0
30.200,1.5436164458592732,1.3516913334528604,1.800463719169299,-0.16766160236050687,0.0,0,-2.0413400014241536,-0.5740066329638164,0.9891097068786621,1.1957517822583517,0.0,0
30.300,1.3456122318903605,1.3670682271321615,1.6585789581139883,-0.1552322408805291,0.0,0,-2.0218985239664713,-0.5818700512250264,0.9864439010620117,1.1787464539210002,0.0,0
30.400,1.1476080179214478,1.3824451208114623,1.5166941970586776,-0.1428028794005513,0.0,0,-2.002457046508789,-0.5897334694862366,0.9837780952453613,1.1617411255836487,0.0,0
30.500,0.949603803952535,1.3978220144907634,1.3748094360033671,-0.13037351792057356,0.0,0,-1.9830155690511069,-0.5975968877474467,0.981112289428711,1.1447357972462973,0.0,0
30.600,0.7515995899836223,1.4131989081700642,1.2329246749480567,-0.11794415644059579,0.0,0,-1.9635740915934246,-0.6054603060086569,0.9784464836120605,1.1277304689089458,0.0,0
30.700,0.5535953760147094,1.4285758018493653,1.0910399138927458,-0.10551479496061801,0.0,0,-1.9441326141357422,-0.6133237242698669,0.9757806777954101,1.1107251405715943,0.0,0
30.800,0.35559116204579677,1.4439526955286661,0.9491551528374353,-0.09308543348064025,0.0,0,-1.92469113667806,-0.6211871425310771,0.9731148719787598,1.0937198122342426,0.0,0
30.900,0.1575869480768839,1.4593295892079672,0.8072703917821249,-0.0806560720006625,0.0,0,-1.9052496592203776,-0.6290505607922872,0.9704490661621094,1.0767144838968914,0.0,0
31.000,-0.040417265892028764,1.474706482887268,0.6653856307268142,-0.06822671052068473,0.0,0,-1.8858081817626953,-0.6369139790534973,0.967783260345459,1.0597091555595397,0.0,0
31.100,-0.23842147986094142,1.490083376566569,0.5235008696715038,-0.05579734904070696,0.0,0,-1.866366704305013,-0.6447773973147074,0.9651174545288086,1.0427038272221882,0.0,0
31.200,-0.4364256938298543,1.50546027024587,0.38161610861619333,-0.04336798756072918,0.0,0,-1.8469252268473308,-0.6526408155759176,0.9624516487121582,1.0256984988848368,0.0,0
31.300,-0.6344299077987672,1.520837163925171,0.23973134756088244,-0.030938626080751402,0.0,0,-1.8274837493896485,-0.6605042338371276,0.9597858428955078,1.0086931705474853,0.0,0
31.400,-0.8324341217676801,1.5362140576044718,0.09784658650557199,-0.01850926460077365,0.0,0,-1.8080422719319662,-0.6683676520983378,0.9571200370788574,0.9916878422101338,0.0,0
31.500,-1.0304383357365925,1.5515909512837727,-0.044038174549738685,-0.006079903120795871,0.0,0,-1.7886007944742839,-0.676231070359548,0.9544542312622071,0.9746825138727824,0.0,0
31.600,-1.2284425497055054,1.5669678449630737,-0.18592293560504913,0.006349458359181881,0.0,0,-1.7691593170166016,-0.6840944886207581,0.9517884254455566,0.9576771855354309,0.0,0
31.700,-1.2862220605214436,1.4980781475702922,-0.1668258011341095,0.0045736037427559495,0.0,0,-1.6717564662297566,-0.6746019124984741,0.7983746925989788,0.8525911569595337,0.0,0
31.800,-1.344001571337382,1.4291884501775105,-0.14772866666316986,0.002797749126330018,0.0,0,-1.5743536154429119,-0.6651093363761902,0.6449609597524008,0.7475051283836365,0.0,0
31.900,-1.4017810821533203,1.360298752784729,-0.12863153219223022,0.0010218945099040866,0.0,0,-1.476950764656067,-0.6556167602539062,0.49154722690582275,0.6424190998077393,0.0,0
32.000,-1.5113847653071086,1.2542548576990764,-0.2663463751475016,0.11756730258154371,0.0,0,-1.4177952607472737,-0.6240400671958923,0.5123183131217957,0.7224870920181274,0.0,0
32.100,-1.6209884484608967,1.1482109626134236,-0.404061218102773,0.23411271065318334,0.0,0,-1.3586397568384807,-0.5924633741378784,0.5330893993377686,0.8025550842285156,0.0,0
32.200,-1.730592131614685,1.042167067527771,-0.5417760610580444,0.350658118724823,0.0,0,-1.2994842529296875,-0.5608866810798645,0.5538604855537415,0.8826230764389038,0.0,0
32.300,-1.8115147590637206,1.0406452417373657,-0.7262062788009643,0.39853826761245725,0.0,0,-1.271133303642273,-0.563412606716156,0.554531729221344,0.8669998526573182,0.0,0
32.400,-1.8924373865127564,1.0391234159469604,-0.9106364965438842,0.44641841650009156,0.0,0,-1.2427823543548584,-0.5659385323524475,0.5552029728889465,0.8513766288757324,0.0,0
32.500,-1.973360013961792,1.0376015901565552,-1.095066714286804,0.4942985653877258,0.0,0,-1.2144314050674438,-0.568464457988739,0.5558742165565491,0.8357534050941468,0.0,0
32.600,-2.0542826414108277,1.03607976436615,-1.279496932029724,0.5421787142753601,0.0,0,-1.1860804557800293,-0.5709903836250305,0.5565454602241516,0.820130181312561,0.0,0
32.700,-2.1352052688598633,1.0345579385757446,-1.463927149772644,0.5900588631629944,0.0,0,-1.1577295064926147,-0.573516309261322,0.5572167038917542,0.8045069575309753,0.0,0
32.800,-2.1341795523961387,0.9714052279790243,-1.4729535778363545,0.6782122949759165,0.0,0,-1.0418133834997814,-0.4996981446941694,0.38001103202501935,0.7395555923382441,0.0,0
32.900,-2.1331538359324136,0.908252517382304,-1.4819800059000652,0.7663657267888386,0.0,0,-0.9258972605069479,-0.4258799801270167,0.20280536015828454,0.6746042271455129,0.0,0
33.000,-2.132128119468689,0.8450998067855835,-1.4910064339637756,0.8545191586017609,0.0,0,-0.8099811375141144,-0.35206181555986404,0.025599688291549683,0.6096528619527817,0.0,0
33.100,-2.1311024030049643,0.7819470961888632,-1.500032862027486,0.942672590414683,0.0,0,-0.694065014521281,-0.2782436509927114,-0.15160598357518507,0.5447014967600505,0.0,0
33.200,-2.1300766865412393,0.7187943855921427,-1.5090592900911968,1.0308260222276053,0.0,0,-0.5781488915284474,-0.2044254864255587,-0.32881165544192004,0.4797501315673192,0.0,0
33.300,-2.1290509700775146,0.6556416749954224,-1.5180857181549072,1.1189794540405273,0.0,0,-0.462232768535614,-0.13060732185840607,-0.5060173273086548,0.414798766374588,0.0,0
33.400,-2.1329764392640858,0.6349352084928088,-1.3241906828350491,1.1320197184880574,0.0,0,-0.4037412206331889,-0.1337079546517796,-0.5010744283596674,0.3767299751440684,0.0,0
33.500,-2.1369019084506564,0.6142287419901954,-1.130295647515191,1.1450599829355876,0.0,0,-0.3452496727307638,-0.13680858744515312,-0.4961315294106801,0.3386611839135488,0.0,0
33.600,-2.1408273776372275,0.5935222754875819,-0.9364006121953329,1.1581002473831177,0.0,0,-0.2867581248283386,-0.13990922023852667,-0.4911886304616928,0.3005923926830292,0.0,0
33.700,-2.144752846823798,0.5728158089849684,-0.7425055768754748,1.1711405118306477,0.0,0,-0.2282665769259135,-0.1430098530319002,-0.4862457315127055,0.2625236014525096,0.0,0
33.800,-2.1486783160103693,0.5521093424823549,-0.5486105415556165,1.184180776278178,0.0,0,-0.16977502902348834,-0.14611048582527372,-0.48130283256371814,0.22445481022198993,0.0,0
33.900,-2.15260378519694,0.5314028759797415,-0.35471550623575854,1.197221040725708,0.0,0,-0.11128348112106323,-0.14921111861864725,-0.47635993361473083,0.18638601899147034,0.0,0
34.000,-2.156529254383511,0.5106964094771279,-0.16082047091590024,1.210261305173238,0.0,0,-0.05279193321863812,-0.1523117514120208,-0.47141703466574353,0.14831722776095074,0.0,0
34.100,-2.1604547235700817,0.4899899429745145,0.03307456440395762,1.2233015696207683,0.0,0,0.005699614683786991,-0.15541238420539433,-0.46647413571675617,0.11024843653043115,0.0,0
34.200,-2.164380192756653,0.46928347647190094,0.22696959972381592,1.2363418340682983,0.0,0,0.06419116258621216,-0.15851301699876785,-0.46153123676776886,0.0721796452999115,0.0,0
34.300,-2.168305661943224,0.4485770099692874,0.4208646350436742,1.2493820985158284,0.0,0,0.12268271048863733,-0.16161364979214138,-0.45658833781878155,0.03411085406939185,0.0,0
34.400,-2.1722311311297946,0.42787054346667397,0.6147596703635325,1.2624223629633586,0.0,0,0.1811742583910625,-0.1647142825855149,-0.4516454388697942,-0.003957937161127745,0.0,0
34.500,-2.1761566003163657,0.4071640769640605,0.8086547056833902,1.2754626274108887,0.0,0,0.23966580629348755,-0.16781491537888843,-0.4467025399208069,-0.04202672839164734,0.0,0
34.600,-2.1800820695029364,0.386457610461447,1.0025497410032482,1.2885028918584187,0.0,0,0.2981573541959127,-0.17091554817226198,-0.4417596409718196,-0.08009551962216693,0.0,0
34.700,-2.1840075386895075,0.36575114395883346,1.1964447763231068,1.301543156305949,0.0,0,0.35664890209833777,-0.1740161809656355,-0.4368167420228322,-0.11816431085268653,0.0,0
34.800,-2.187933007876078,0.34504467745622,1.3903398116429648,1.314583420753479,0.0,0,0.41514045000076294,-0.17711681375900906,-0.4318738430738449,-0.15623310208320618,0.0,0
34.900,-2.1918584770626492,0.32433821095360654,1.5842348469628225,1.327623685201009,0.0,0,0.473631997903188,-0.1802174465523826,-0.4269309441248576,-0.19430189331372572,0.0,0
35.000,-2.19578394624922,0.303631744450993,1.778129882282681,1.3406639496485393,0.0,0,0.5321235458056132,-0.1833180793457561,-0.42198804517587024,-0.23237068454424537,0.0,0
35.100,-2.199709415435791,0.2829252779483795,1.972024917602539,1.3537042140960693,0.0,0,0.5906150937080383,-0.18641871213912964,-0.41704514622688293,-0.270439475774765,0.0,0
35.200,-2.192991116467644,0.32102903548408956,1.7743313522899853,1.3070783194373636,0.0,0,0.5839073237250832,-0.1727876290678978,-0.4461747863713433,-0.2725345930632423,0.0,0
35.300,-2.186272817499497,0.3591327930197996,1.5766377869774313,1.2604524247786577,0.0,0,0.5771995537421283,-0.15915654599666595,-0.4753044265158036,-0.27462971035171957,0.0,0
35.400,-2.1795545185313507,0.39723655055550966,1.3789442216648775,1.213826530119952,0.0,0,0.5704917837591732,-0.1455254629254341,-0.504434066660264,-0.27672482764019685,0.0,0
35.500,-2.172836219563204,0.4353403080912197,1.1812506563523235,1.1672006354612463,0.0,0,0.5637840137762182,-0.13189437985420227,-0.5335637068047243,-0.2788199449286741,0.0,0
35.600,-2.166117920595057,0.47344406562692976,0.9835570910397697,1.1205747408025406,0.0,0,0.5570762437932631,-0.11826329678297043,-0.5626933469491846,-0.2809150622171514,0.0,0
35.700,-2.15939962162691,0.5115478231626398,0.785863525727216,1.0739488461438347,0.0,0,0.5503684738103081,-0.10463221371173859,-0.591822987093645,-0.2830101795056287,0.0,0
35.800,-2.152681322658763,0.54965158069835,0.5881699604146622,1.027322951485129,0.0,0,0.5436607038273531,-0.09100113064050674,-0.6209526272381053,-0.28510529679410596,0.0,0
35.900,-2.145963023690616,0.5877553382340599,0.3904763951021082,0.9806970568264233,0.0,0,0.536952933844398,-0.0773700475692749,-0.6500822673825657,-0.28720041408258323,0.0,0
36.000,-2.1392447247224697,0.6258590957697701,0.1927828297895544,0.9340711621677174,0.0,0,0.530245163861443,-0.06373896449804306,-0.679211907527026,-0.28929553137106057,0.0,0
36.100,-2.132526425754323,0.66396285330548,-0.0049107355229995875,0.8874452675090116,0.0,0,0.523537393878488,-0.05010788142681122,-0.7083415476714864,-0.29139064865953784,0.0,0
36.200,-2.125808126786176,0.7020666108411902,-0.20260430083555336,0.8408193728503058,0.0,0,0.516829623895533,-0.036476798355579376,-0.7374711878159468,-0.2934857659480151,0.0,0
36.300,-2.119089827818029,0.7401703683769002,-0.40029786614810714,0.7941934781916001,0.0,0,0.5101218539125779,-0.022845715284347534,-0.7666008279604071,-0.2955808832364924,0.0,0
36.400,-2.112371528849882,0.7782741259126102,-0.5979914314606609,0.7475675835328944,0.0,0,0.5034140839296228,-0.009214632213115692,-0.7957304681048674,-0.2976760005249697,0.0,0
36.500,-2.105653229881735,0.8163778834483203,-0.7956849967732147,0.7009416888741886,0.0,0,0.49670631394666787,0.00441645085811615,-0.8248601082493277,-0.29977111781344695,0.0,0
36.600,-2.0989349309135887,0.8544816409840303,-0.9933785620857685,0.6543157942154828,0.0,0,0.4899985439637128,0.018047533929347992,-0.853989748393788,-0.30186623510192423,0.0,0
36.700,-2.092216631945442,0.8925853985197404,-1.1910721273983227,0.6076898995567771,0.0,0,0.48329077398075776,0.031678617000579834,-0.8831193885382485,-0.3039613523904015,0.0,0
36.800,-2.085498332977295,0.9306891560554504,-1.3887656927108765,0.5610640048980713,0.0,0,0.47658300399780273,0.045309700071811676,-0.9122490286827087,-0.3060564696788788,0.0,0
36.900,-2.052114963531494,0.8702827990055084,-1.4425620436668396,0.7041374444961548,0.0,0,0.41447097063064575,-0.0088624507188797,-0.9661169946193695,-0.27604931592941284,0.0,0
37.000,-2.0187315940856934,0.8098764419555664,-1.4963583946228027,0.8472108840942383,0.0,0,0.35235893726348877,-0.06303460150957108,-1.0199849605560303,-0.2460421621799469,0.0,0
37.100,-2.0114540259043374,0.9129193623860677,-1.4848384857177734,0.6880183815956116,0.0,0,0.21387641380230588,-0.1009342223405838,-1.2121589581171672,-0.27351362506548565,0.0,0
37.200,-2.004176457722982,1.015962282816569,-1.4733185768127441,0.5288258790969849,0.0,0,0.07539389034112298,-0.13883384317159653,-1.404332955678304,-0.30098508795102435,0.0,0
37.300,-1.996898889541626,1.1190052032470703,-1.4617986679077148,0.36963337659835815,0.0,0,-0.06308863312005997,-0.17673346400260925,-1.596506953239441,-0.3284565508365631,0.0,0
37.400,-1.9943079948425293,1.0370461225509644,-1.4842478036880493,0.5514676570892334,0.0,0,0.13228062987327577,-0.29859663248062135,-1.444291114807129,-0.28911185562610625,0.0,0
37.500,-1.9917171001434326,0.9550870418548584,-1.5066969394683838,0.7333019375801086,0.0,0,0.3276498928666115,-0.42045980095863345,-1.292075276374817,-0.2497671604156494,0.0,0
37.600,-1.989126205444336,0.8731279611587525,-1.5291460752487183,0.9151362180709839,0.0,0,0.5230191558599472,-0.5423229694366455,-1.1398594379425049,-0.2104224652051926,0.0,0
37.700,-1.9865353107452393,0.7911688804626464,-1.5515952110290527,1.0969704985618591,0.0,0,0.718388418853283,-0.6641861379146576,-0.9876435995101929,-0.1710777699947357,0.0,0
37.800,-1.9839444160461426,0.7092097997665405,-1.5740443468093872,1.2788047790527344,0.0,0,0.9137576818466187,-0.7860493063926697,-0.8354277610778809,-0.13173307478427887,0.0,0
37.900,-1.9561350345611572,0.6990132994121976,-1.3748325109481812,1.2671122683419123,0.0,0,0.9261141883002387,-0.802880671289232,-0.8586031728320651,-0.13232333295875126,0.0,0
38.000,-1.9283256530761719,0.6888167990578545,-1.175620675086975,1.25541975763109,0.0,0,0.9384706947538588,-0.8197120361857944,-0.8817785845862495,-0.13291359113322365,0.0,0
38.100,-1.9005162715911865,0.6786202987035116,-0.976408839225769,1.2437272469202678,0.0,0,0.9508272012074789,-0.8365434010823568,-0.9049539963404337,-0.13350384930769602,0.0,0
38.200,-1.8727068901062012,0.6684237983491685,-0.777197003364563,1.2320347362094455,0.0,0,0.963183707661099,-0.8533747659789191,-0.9281294080946181,-0.1340941074821684,0.0,0
38.300,-1.8448975086212158,0.6582272979948256,-0.5779851675033569,1.2203422254986234,0.0,0,0.9755402141147189,-0.8702061308754815,-0.9513048198488023,-0.1346843656566408,0.0,0
38.400,-1.8170881271362305,0.6480307976404825,-0.3787733316421509,1.208649714787801,0.0,0,0.987896720568339,-0.8870374957720438,-0.9744802316029866,-0.1352746238311132,0.0,0
38.500,-1.7892787456512451,0.6378342972861396,-0.17956149578094482,1.196957204076979,0.0,0,1.000253227021959,-0.9038688606686063,-0.9976556433571709,-0.13586488200558555,0.0,0
38.600,-1.7614693641662598,0.6276377969317966,0.01965034008026123,1.1852646933661566,0.0,0,1.0126097334755793,-0.9207002255651686,-1.0208310551113553,-0.13645514018005794,0.0,0
38.700,-1.7336599826812744,0.6174412965774536,0.21886217594146729,1.1735721826553345,0.0,0,1.0249662399291992,-0.937531590461731,-1.0440064668655396,-0.13704539835453033,0.0,0
38.800,-1.6430280605951946,0.6574794252713522,0.2369381586710612,1.013489842414856,0.0,0,1.1618634064992268,-0.9036575754483541,-1.1182126601537068,-0.1368608127037684,0.0,0
38.900,-1.5523961385091145,0.6975175539652506,0.2550141414006551,0.8534075021743774,0.0,0,1.2987605730692544,-0.8697835604349772,-1.1924188534418743,-0.1366762270530065,0.0,0
39.000,-1.4617642164230347,0.7375556826591492,0.273090124130249,0.6933251619338989,0.0,0,1.4356577396392822,-0.8359095454216003,-1.2666250467300415,-0.13649164140224457,0.0,0
39.100,-1.3513708511988323,0.82441645860672,0.28658371170361835,0.5474183758099874,0.0,0,1.4514120022455852,-0.8339224656422933,-1.3264162143071492,-0.15369107325871786,0.0,0
39.200,-1.2409774859746296,0.9112772345542908,0.30007729927698773,0.40151158968607586,0.0,0,1.467166264851888,-0.8319353858629862,-1.386207381884257,-0.17089050511519113,0.0,0
39.300,-1.1305841207504272,0.9981380105018616,0.31357088685035706,0.2556048035621643,0.0,0,1.482920527458191,-0.8299483060836792,-1.4459985494613647,-0.18808993697166443,0.0,0
39.400,-0.9331979751586914,1.0370207627614338,0.4277567346890767,0.23310974091291428,0.0,0,1.482991369565328,-0.8340681433677674,-1.4503624439239502,-0.1877741237481435,0.0,0
39.500,-0.7358118295669556,1.0759035150210063,0.5419425825277964,0.21061467826366426,0.0,0,1.483062211672465,-0.8381879806518555,-1.4547263383865356,-0.1874583105246226,0.0,0
39.600,-0.5384256839752197,1.1147862672805786,0.6561284303665161,0.1881196156144142,0.0,0,1.4831330537796021,-0.8423078179359436,-1.459090232849121,-0.1871424973011017,0.0,0
39.700,-0.3410395383834839,1.1536690195401509,0.7703142782052358,0.16562455296516418,0.0,0,1.483203895886739,-0.8464276552200317,-1.4634541273117065,-0.18682668407758077,0.0,0
39.800,-0.14365339279174805,1.1925517717997234,0.8845001260439554,0.14312949031591415,0.0,0,1.4832747379938762,-0.8505474925041199,-1.467818021774292,-0.18651087085405985,0.0,0
39.900,0.05373275279998779,1.2314345240592957,0.9986859738826752,0.12063442766666413,0.0,0,1.4833455801010131,-0.854667329788208,-1.4721819162368774,-0.18619505763053895,0.0,0
40.000,0.25111889839172363,1.270317276318868,1.1128718217213949,0.0981393650174141,0.0,0,1.4834164222081503,-0.8587871670722962,-1.476545810699463,-0.18587924440701803,0.0,0
40.100,0.4485050439834595,1.3092000285784404,1.2270576695601145,0.07564430236816405,0.0,0,1.4834872643152872,-0.8629070043563842,-1.4809097051620483,-0.1855634311834971,0.0,0
40.200,0.6458911895751953,1.3480827808380127,1.3412435173988342,0.053149239718914026,0.0,0,1.4835581064224244,-0.8670268416404724,-1.4852735996246338,-0.18524761795997619,0.0,0
40.300,0.8432773351669312,1.386965533097585,1.4554293652375538,0.030654177069664,0.0,0,1.4836289485295613,-0.8711466789245605,-1.4896374940872192,-0.1849318047364553,0.0,0
40.400,1.040663480758667,1.4258482853571572,1.5696152130762735,0.008159114420413976,0.0,0,1.4836997906366984,-0.8752665162086487,-1.4940013885498047,-0.18461599151293437,0.0,0
40.500,1.2380496263504028,1.4647310376167297,1.6838010609149934,-0.014335948228836048,0.0,0,1.4837706327438354,-0.8793863534927369,-1.4983652830123901,-0.18430017828941345,0.0,0
40.600,1.4354357719421387,1.5036137898763022,1.797986908753713,-0.0368310108780861,0.0,0,1.4838414748509725,-0.8835061907768249,-1.5027291774749756,-0.18398436506589252,0.0,0
40.700,1.6328219175338745,1.5424965421358743,1.9121727565924327,-0.0593260735273361,0.0,0,1.4839123169581094,-0.8876260280609131,-1.507093071937561,-0.18366855184237163,0.0,0
40.800,1.8302080631256104,1.5813792943954468,2.0263586044311523,-0.08182113617658615,0.0,0,1.4839831590652466,-0.8917458653450012,-1.5114569664001465,-0.1833527386188507,0.0,0
40.900,1.7121187150478363,1.414191797375679,2.0044250786304474,-0.1352496985346079,0.0,0,1.498267024755478,-0.847539871931076,-1.5295156836509705,-0.17721127346158028,0.0,0
41.000,1.5940293669700623,1.2470043003559113,1.9824915528297424,-0.18867826089262962,0.0,0,1.5125508904457092,-0.8033338785171509,-1.5475744009017944,-0.17106980830430984,0.0,0
41.100,1.4759400188922882,1.0798168033361435,1.9605580270290375,-0.24210682325065136,0.0,0,1.5268347561359406,-0.7591278851032257,-1.5656331181526184,-0.1649283431470394,0.0,0
41.200,1.3578506708145142,0.9126293063163757,1.9386245012283325,-0.2955353856086731,0.0,0,1.5411186218261719,-0.7149218916893005,-1.5836918354034424,-0.15878687798976898,0.0,0
41.300,1.4703004658222198,0.846760705113411,1.8793470859527588,-0.29659508168697357,0.0,0,1.382223129272461,-0.7492961436510086,-1.7260409593582153,-0.15826493874192238,0.0,0
41.400,1.5827502608299255,0.7808921039104462,1.820069670677185,-0.29765477776527405,0.0,0,1.22332763671875,-0.7836703956127167,-1.8683900833129883,-0.15774299949407578,0.0,0
41.500,1.6952000558376312,0.7150235027074814,1.7607922554016113,-0.2987144738435745,0.0,0,1.064432144165039,-0.8180446475744247,-2.0107392072677612,-0.15722106024622917,0.0,0
41.600,1.807649850845337,0.6491549015045166,1.7015148401260376,-0.299774169921875,0.0,0,0.9055366516113281,-0.8524188995361328,-2.153088331222534,-0.15669912099838257,0.0,0
41.700,1.8718898296356201,0.5122025609016418,1.6063743829727173,-0.2347346991300583,0.0,0,0.9177951216697693,-0.9241639971733093,-2.2444331645965576,-0.18379603326320648,0.0,0
41.800,1.8939152956008911,0.48093584179878235,1.5749510526657104,-0.17901769280433655,0.0,0,0.9909968972206116,-0.9585444927215576,-2.395900011062622,-0.17758509516716003,0.0,0
41.900,1.8879525661468506,0.44348254799842834,1.6138802766799927,-0.18482381105422974,0.0,0,0.8996447920799255,-1.1278977394104004,-2.269176959991455,-0.20342449843883514,0.0,0
42.000,1.8535014986991882,0.4695398509502411,1.6766819953918457,-0.2198694497346878,0.0,0,0.9864961802959442,-1.0308214128017426,-2.379068613052368,-0.17699317634105682,0.0,0
42.100,1.8190504312515259,0.49559715390205383,1.7394837141036987,-0.2549150884151459,0.0,0,1.073347568511963,-0.9337450861930847,-2.4889602661132812,-0.1505618542432785,0.0,0
42.200,1.8264412879943848,0.4954488277435303,1.7192082405090332,-0.25849735736846924,0.0,0,0.9600229263305664,-1.0577528476715088,-2.463200330734253,-0.18597771227359772,0.0,0
42.300,1.8288840055465698,0.49554887413978577,1.712496240933736,-0.2595990796883901,0.0,0,1.0838464101155598,-0.9196776549021404,-2.401313543319702,-0.07531105975310008,0.0,0
42.400,1.8313267230987549,0.49564892053604126,1.7057842413584392,-0.260700802008311,0.0,0,1.2076698939005535,-0.7816024621327718,-2.3394267559051514,0.03535559276739755,0.0,0
42.500,1.83376944065094,0.49574896693229675,1.699072241783142,-0.2618025243282318,0.0,0,1.3314933776855469,-0.6435272693634033,-2.2775399684906006,0.1460222452878952,0.0,0
42.600,1.8459889491399128,0.49545236428578693,1.6434098084767659,-0.2311804493268331,0.0,0,1.1687898238499959,-0.7676797310511271,-2.206153631210327,0.02352263033390045,0.0,0
42.700,1.858208457628886,0.49515576163927716,1.5877473751703899,-0.20055837432543439,0.0,0,1.006086270014445,-0.8918321927388508,-2.1347672939300537,-0.0989769846200943,0.0,0
42.800,1.8704279661178589,0.49485915899276733,1.5320849418640137,-0.16993629932403564,0.0,0,0.843382716178894,-1.0159846544265747,-2.0633809566497803,-0.22147659957408905,0.0,0
42.900,1.8346733152866364,0.5756790935993195,1.525082528591156,-0.19478783756494522,0.0,0,1.0150911211967468,-0.9699427932500839,-1.9436757564544678,-0.21232231706380844,0.0,0
43.000,1.7989186644554138,0.6564990282058716,1.5180801153182983,-0.2196393758058548,0.0,0,1.1867995262145996,-0.9239009320735931,-1.8239705562591553,-0.20316803455352783,0.0,0
43.100,1.7631640136241913,0.7373189628124237,1.5110777020454407,-0.24449091404676437,0.0,0,1.3585079312324524,-0.8778590708971024,-1.7042653560638428,-0.19401375204324722,0.0,0
43.200,1.7274093627929688,0.8181388974189758,1.504075288772583,-0.26934245228767395,0.0,0,1.5302163362503052,-0.8318172097206116,-1.5845601558685303,-0.1848594695329666,0.0,0
43.300,1.6921685934066772,0.8356429934501648,1.393919050693512,-0.22942813485860825,0.0,0,1.4899358749389648,-0.7937919199466705,-1.5019903182983398,-0.1150532215833664,0.0,0
43.400,1.6569278240203857,0.8531470894813538,1.283762812614441,-0.18951381742954254,0.0,0,1.4496554136276245,-0.7557666301727295,-1.4194204807281494,-0.045246973633766174,0.0,0
43.500,1.5773651599884033,0.8984082142512003,1.1972737709681194,-0.17344302435715994,0.0,0,1.531675656636556,-0.7861040234565735,-1.2759382128715515,0.0033109982808430943,0.0,0
43.600,1.497802495956421,0.943669339021047,1.1107847293217976,-0.15737223128477734,0.0,0,1.6136958996454875,-0.8164414167404175,-1.1324559450149536,0.05186897019545236,0.0,0
43.700,1.4182398319244385,0.9889304637908936,1.024295687675476,-0.14130143821239471,0.0,0,1.695716142654419,-0.8467788100242615,-0.9889736771583557,0.10042694211006165,0.0,0
43.800,1.2396869516232982,0.9221997484564781,1.0959398746490479,-0.1684993263334036,0.0,0,1.6287004947662354,-0.8327341377735138,-1.0008521899580956,0.08475577621720731,0.0,0
43.900,1.061134071322158,0.8554690331220627,1.1675840616226196,-0.19569721445441246,0.0,0,1.5616848468780518,-0.8186894655227661,-1.0127307027578354,0.06908461032435298,0.0,0
44.000,0.8825811910210177,0.7887383177876472,1.2392282485961914,-0.22289510257542133,0.0,0,1.4946691989898682,-0.8046447932720184,-1.0246092155575752,0.05341344443149865,0.0,0
44.100,0.7040283107198775,0.7220076024532318,1.3108724355697632,-0.2500929906964302,0.0,0,1.4276535511016846,-0.7906001210212708,-1.036487728357315,0.037742278538644314,0.0,0
44.200,0.5254754304187372,0.6552768871188164,1.382516622543335,-0.2772908788174391,0.0,0,1.360637903213501,-0.7765554487705231,-1.048366241157055,0.02207111264578998,0.0,0
44.300,0.346922550117597,0.5885461717844009,1.4541608095169067,-0.30448876693844795,0.0,0,1.2936222553253174,-0.7625107765197754,-1.0602447539567947,0.006399946752935648,0.0,0
44.400,0.16836966981645674,0.5218154564499855,1.5258049964904785,-0.3316866550594568,0.0,0,1.2266066074371338,-0.7484661042690277,-1.0721232667565346,-0.009271219139918685,0.0,0
44.500,-0.010183210484683514,0.45508474111557007,1.5974491834640503,-0.3588845431804657,0.0,0,1.1595909595489502,-0.73442143201828,-1.0840017795562744,-0.024942385032773018,0.0,0
44.600,0.17450963146984577,0.5099638189588275,1.448526987007686,-0.32053020277193617,0.0,0,1.1828364815030779,-0.7261467235428947,-1.0452763778822762,0.03154544159770012,0.0,0
44.700,0.35920247342437506,0.5648428968020848,1.299604790551322,-0.2821758623634066,0.0,0,1.2060820034572057,-0.7178720150675092,-1.006550976208278,0.08803326822817326,0.0,0
44.800,0.5438953153789043,0.6197219746453422,1.1506825940949577,-0.24382152195487705,0.0,0,1.2293275254113334,-0.7095973065921238,-0.96782557453428,0.1445210948586464,0.0,0
44.900,0.7285881573334336,0.6746010524885995,1.0017603976385936,-0.2054671815463475,0.0,0,1.252573047365461,-0.7013225981167385,-0.9291001728602818,0.20100892148911953,0.0,0
45.000,0.9132809992879629,0.7294801303318569,0.8528382011822292,-0.16711284113781794,0.0,0,1.2758185693195887,-0.6930478896413531,-0.8903747711862837,0.25749674811959267,0.0,0
45.100,1.0979738412424922,0.7843592081751143,0.703916004725865,-0.12875850072928838,0.0,0,1.2990640912737166,-0.6847731811659676,-0.8516493695122855,0.3139845747500658,0.0,0
45.200,1.2826666831970215,0.8392382860183716,0.5549938082695007,-0.09040416032075882,0.0,0,1.3223096132278442,-0.6764984726905823,-0.8129239678382874,0.37047240138053894,0.0,0
45.300,1.3599777221679688,0.8901865482330322,0.6844148635864258,-0.0639447420835495,0.0,0,1.3487833738327026,-0.563416600227356,-0.8121198415756226,0.3964831829071045,0.0,0
45.400,1.2940962314605713,0.9282422661781311,0.8373898863792419,-0.09525751322507858,0.0,0,1.4073702096939087,-0.6210564374923706,-0.8421506881713867,0.27960002422332764,0.0,0
45.500,1.4049439430236816,0.9062529802322388,0.9798955917358398,-0.08327098190784454,0.0,0,1.532026767730713,-0.7035446166992188,-0.9556560516357422,0.2173047661781311,0.0,0
45.600,1.45313827196757,0.9344336986541748,1.0555966695149739,-0.10578212141990662,0.0,0,1.4939508040746052,-0.7054855028788248,-1.0929512182871501,0.14334929392983517,0.0,0
45.700,1.5013326009114583,0.9626144170761108,1.1312977472941081,-0.1282932609319687,0.0,0,1.4558748404184978,-0.707426389058431,-1.2302463849385579,0.06939382168153924,0.0,0
45.800,1.5495269298553467,0.9907951354980469,1.2069988250732422,-0.15080440044403076,0.0,0,1.4177988767623901,-0.7093672752380371,-1.3675415515899658,-0.004561650566756725,0.0,0
45.900,1.5893392264842987,0.9553629457950592,1.2720336616039276,-0.16654213145375252,0.0,0,1.3168793320655823,-0.725682258605957,-1.5575507283210754,0.003227449720725417,0.0,0
46.000,1.6291515231132507,0.9199307560920715,1.337068498134613,-0.18227986246347427,0.0,0,1.2159597873687744,-0.741997241973877,-1.747559905052185,0.01101655000820756,0.0,0
46.100,1.6689638197422028,0.8844985663890839,1.4021033346652985,-0.19801759347319603,0.0,0,1.1150402426719666,-0.7583122253417969,-1.9375690817832947,0.018805650295689702,0.0,0
46.200,1.7087761163711548,0.8490663766860962,1.4671381711959839,-0.21375532448291779,0.0,0,1.0141206979751587,-0.7746272087097168,-2.1275782585144043,0.026594750583171844,0.0,0
46.300,1.7879477143287659,0.7254879772663116,1.532749354839325,-0.2158973589539528,0.0,0,0.9311630725860596,-0.9286830425262451,-2.1216776371002197,-0.09229731932282448,0.0,0
46.400,1.867119312286377,0.6019095778465271,1.598360538482666,-0.2180393934249878,0.0,0,0.8482054471969604,-1.0827388763427734,-2.115777015686035,-0.2111893892288208,0.0,0
46.500,1.7486510515213012,0.6362695097923279,1.7782939434051515,-0.18858186155557632,0.0,0,0.8883647441864013,-1.0827423810958863,-2.199748086929321,-0.1968846946954727,0.0,0
46.600,1.6301827907562256,0.6706294417381287,1.9582273483276367,-0.15912432968616486,0.0,0,0.9285240411758423,-1.0827458858489991,-2.2837191581726075,-0.18258000016212464,0.0,0
46.700,1.5117145299911499,0.7049893736839294,2.138160753250122,-0.1296667978167534,0.0,0,0.9686833381652832,-1.0827493906021117,-2.3676902294158935,-0.16827530562877654,0.0,0
46.800,1.3932462692260743,0.7393493056297302,2.3180941581726073,-0.10020926594734192,0.0,0,1.0088426351547242,-1.0827528953552246,-2.45166130065918,-0.15397061109542848,0.0,0
46.900,1.2747780084609985,0.773709237575531,2.4980275630950928,-0.07075173407793045,0.0,0,1.049001932144165,-1.0827564001083374,-2.535632371902466,-0.13966591656208038,0.0,0
47.000,1.0767904886832604,0.7897234604908869,2.323078853579668,-0.03984948304983285,0.0,0,1.0833178483522856,-1.0391422601846547,-2.538812618989211,-0.1266861969175247,0.0,0
47.100,0.8788029689055222,0.805737683406243,2.148130144064243,-0.008947232021735259,0.0,0,1.117633764560406,-0.9955281202609723,-2.541992866075956,-0.11370647727296902,0.0,0
47.200,0.6808154491277841,0.8217519063215989,1.9731814345488181,0.021955019006362334,0.0,0,1.1519496807685266,-0.9519139803372897,-2.545173113162701,-0.10072675762841335,0.0,0
47.300,0.4828279293500459,0.8377661292369549,1.7982327250333934,0.05285727003445993,0.0,0,1.186265596976647,-0.9082998404136071,-2.548353360249446,-0.08774703798385766,0.0,0
47.400,0.28484040957230783,0.8537803521523109,1.6232840155179682,0.08375952106255752,0.0,0,1.2205815131847675,-0.8646857004899244,-2.551533607336191,-0.07476731833930199,0.0,0
47.500,0.08685288979456973,0.8697945750676669,1.4483353060025435,0.11466177209065512,0.0,0,1.254897429392888,-0.821071560566242,-2.554713854422936,-0.0617875986947463,0.0,0
47.600,-0.11113462998316836,0.8858087979830228,1.2733865964871187,0.1455640231187527,0.0,0,1.2892133456010084,-0.7774574206425593,-2.557894101509681,-0.04880787905019064,0.0,0
47.700,-0.3091221497609067,0.9018230208983788,1.0984378869716938,0.17646627414685032,0.0,0,1.323529261809129,-0.7338432807188767,-2.561074348596426,-0.035828159405634954,0.0,0
47.800,-0.5071096695386446,0.9178372438137348,0.923489177456269,0.20736852517494786,0.0,0,1.3578451780172496,-0.6902291407951942,-2.5642545956831713,-0.02284843976107928,0.0,0
47.900,-0.7050971893163829,0.9338514667290908,0.7485404679408438,0.2382707762030455,0.0,0,1.39216109422537,-0.6466150008715116,-2.567434842769916,-0.009868720116523594,0.0,0
48.000,-0.903084709094121,0.9498656896444467,0.5735917584254191,0.26917302723114306,0.0,0,1.4264770104334905,-0.603000860947829,-2.5706150898566613,0.0031109995280320935,0.0,0
48.100,-1.101072228871859,0.9658799125598028,0.39864304890999414,0.3000752782592407,0.0,0,1.460792926641611,-0.5593867210241464,-2.573795336943406,0.01609071917258778,0.0,0
48.200,-1.2990597486495972,0.9818941354751587,0.2236943393945694,0.33097752928733826,0.0,0,1.4951088428497314,-0.5157725811004639,-2.5769755840301514,0.02907043881714344,0.0,0
48.300,-1.273045254605157,0.9881362063544137,0.2421784262572016,0.31332859130842344,0.0,0,1.3110877956662859,-0.539606830903462,-2.377066843211651,0.10712184823517289,0.0,0
48.400,-1.247030760560717,0.9943782772336688,0.2606625131198338,0.29567965332950863,0.0,0,1.1270667484828405,-0.5634410807064602,-2.1771581023931503,0.18517325765320233,0.0,0
48.500,-1.2210162665162767,1.0006203481129237,0.279146599982466,0.27803071535059387,0.0,0,0.9430457012993949,-0.5872753305094582,-1.9772493615746498,0.26322466707123177,0.0,0
48.600,-1.1950017724718367,1.0068624189921789,0.2976306868450982,0.26038177737167906,0.0,0,0.7590246541159494,-0.6111095803124564,-1.7773406207561493,0.3412760764892612,0.0,0
48.700,-1.1689872784273965,1.0131044898714339,0.31611477370773045,0.24273283939276424,0.0,0,0.5750036069325039,-0.6349438301154545,-1.5774318799376488,0.4193274859072907,0.0,0
48.800,-1.1429727843829565,1.0193465607506889,0.33459886057036264,0.22508390141384943,0.0,0,0.3909825597490584,-0.6587780799184526,-1.3775231391191483,0.4973788953253201,0.0,0
48.900,-1.1169582903385162,1.0255886316299438,0.35308294743299484,0.20743496343493462,0.0,0,0.2069615125656128,-0.6826123297214508,-1.1776143983006477,0.5754303047433496,0.0,0
49.000,-1.0909437962940762,1.0318307025091988,0.37156703429562704,0.18978602545601983,0.0,0,0.02294046538216743,-0.7064465795244489,-0.9777056574821472,0.653481714161379,0.0,0
49.100,-1.064929302249636,1.0380727733884538,0.39005112115825924,0.172137087477105,0.0,0,-0.16108058180127838,-0.7302808293274471,-0.7777969166636465,0.7315331235794085,0.0,0
49.200,-1.0389148082051958,1.0443148442677088,0.4085352080208915,0.1544881494981902,0.0,0,-0.34510162898472374,-0.7541150791304452,-0.5778881758451462,0.8095845329974379,0.0,0
49.300,-1.0129003141607558,1.050556915146964,0.42701929488352364,0.1368392115192754,0.0,0,-0.5291226761681691,-0.7779493289334434,-0.37797943502664566,0.8876359424154673,0.0,0
49.400,-0.9868858201163155,1.056798986026219,0.4455033817461559,0.1191902735403606,0.0,0,-0.7131437233516147,-0.8017835787364415,-0.17807069420814514,0.9656873518334967,0.0,0
49.500,-0.9608713260718754,1.063041056905474,0.4639874686087881,0.10154133556144576,0.0,0,-0.8971647705350603,-0.8256178285394395,0.021838046610355377,1.0437387612515263,0.0,0
49.600,-0.9348568320274353,1.069283127784729,0.4824715554714203,0.08389239758253098,0.0,0,-1.0811858177185059,-0.8494520783424377,0.2217467874288559,1.1217901706695557,0.0,0
49.700,-0.912661698129442,1.030986984570821,0.49080563916100395,0.11863111787372166,0.0,0,-0.9780723402897517,-0.8975325160556369,0.0351548989613851,0.9637488921483358,0.0,0
49.800,-0.8904665642314487,0.9926908413569132,0.4991397228505876,0.15336983816491234,0.0,0,-0.8749588628609976,-0.9456129537688361,-0.1514369895060857,0.805707613627116,0.0,0
49.900,-0.8682714303334554,0.9543946981430054,0.5074738065401713,0.188108558456103,0.0,0,-0.7718453854322433,-0.9936933914820353,-0.3380288779735565,0.647666335105896,0.0,0
50.000,-0.8460762964354621,0.9160985549290975,0.5158078902297549,0.22284727874729368,0.0,0,-0.6687319080034893,-1.0417738291952345,-0.5246207664410273,0.48962505658467614,0.0,0
50.100,-0.8238811625374688,0.8778024117151896,0.5241419739193387,0.25758599903848434,0.0,0,-0.5656184305747349,-1.0898542669084337,-0.7112126549084982,0.3315837780634562,0.0,0
50.200,-0.8016860286394756,0.8395062685012817,0.5324760576089224,0.292324719329675,0.0,0,-0.46250495314598083,-1.1379347046216328,-0.8978045433759689,0.17354249954223633,0.0,0
50.300,-0.7794908947414823,0.8012101252873738,0.540810141298506,0.3270634396208657,0.0,0,-0.3593914757172266,-1.1860151423348322,-1.0843964318434398,0.015501221021016365,0.0,0
50.400,-0.7572957608434889,0.7629139820734661,0.5491442249880897,0.3618021599120564,0.0,0,-0.25627799828847253,-1.2340955800480313,-1.2709883203109105,-0.14254005750020338,0.0,0
50.500,-0.7351006269454956,0.7246178388595581,0.5574783086776733,0.39654088020324707,0.0,0,-0.15316452085971832,-1.2821760177612305,-1.4575802087783813,-0.30058133602142334,0.0,0
50.600,-0.67308309674263,0.7404260993003845,0.5969642519950866,0.33652293086051943,0.0,0,-0.25919389724731445,-1.2944229125976563,-1.2647671043872832,-0.2233320504426956,0.0,0
50.700,-0.6110655665397644,0.7562343597412109,0.6364501953125,0.27650498151779174,0.0,0,-0.3652232736349106,-1.3066698074340821,-1.0719539999961853,-0.14608276486396787,0.0,0
50.800,-0.5490480363368988,0.7720426201820374,0.6759361386299133,0.2164870321750641,0.0,0,-0.4712526500225067,-1.3189167022705077,-0.8791408956050873,-0.0688334792852402,0.0,0
50.900,-0.4870305061340332,0.7878508806228638,0.7154220819473267,0.1564690828323364,0.0,0,-0.5772820264101028,-1.3311635971069335,-0.6863277912139892,0.008415806293487593,0.0,0
51.000,-0.4250129759311676,0.8036591410636902,0.75490802526474,0.09645113348960876,0.0,0,-0.683311402797699,-1.3434104919433594,-0.49351468682289124,0.08566509187221527,0.0,0
51.100,-0.4611520767211914,0.7287922898928324,0.9020911455154419,-0.00898637870947519,0.0,0,-0.7314309080441793,-1.3082187175750732,-0.46820057431856793,0.058108223136514425,0.0,0
51.200,-0.4972911775112152,0.6539254387219747,1.0492742657661438,-0.11442389090855914,0.0,0,-0.7795504132906595,-1.273026943206787,-0.44288646181424457,0.03055135440081358,0.0,0
51.300,-0.533430278301239,0.5790585875511169,1.1964573860168457,-0.21986140310764313,0.0,0,-0.8276699185371399,-1.237835168838501,-0.41757234930992126,0.002994485665112734,0.0,0
51.400,-0.5671551715243947,0.6040127602490512,0.9979804104024714,-0.08601861921223727,0.0,0,-0.7968980128114874,-1.1357852118936451,-0.4251963496208191,0.08038545916364952,0.0,0
51.500,-0.6008800647475503,0.6289669329469855,0.799503434788097,0.04782416468316858,0.0,0,-0.7661261070858348,-1.0337352549487895,-0.4328203499317169,0.1577764326621863,0.0,0
51.600,-0.6346049579707059,0.6539211056449197,0.6010264591737228,0.1816669485785744,0.0,0,-0.7353542013601824,-0.9316852980039336,-0.44044435024261475,0.23516740616072307,0.0,0
51.700,-0.6683298511938616,0.6788752783428539,0.4025494835593484,0.3155097324739803,0.0,0,-0.7045822956345298,-0.8296353410590779,-0.4480683505535126,0.31255837965925987,0.0,0
51.800,-0.7020547444170171,0.7038294510407881,0.2040725079449741,0.4493525163693861,0.0,0,-0.6738103899088773,-0.7275853841142221,-0.4556923508644104,0.3899493531577966,0.0,0
51.900,-0.7357796376401727,0.7287836237387224,0.0055955323305998395,0.5831953002647919,0.0,0,-0.6430384841832248,-0.6255354271693664,-0.4633163511753082,0.4673403266563334,0.0,0
52.000,-0.7695045308633284,0.7537377964366566,-0.19288144328377466,0.7170380841601979,0.0,0,-0.6122665784575723,-0.5234854702245105,-0.47094035148620605,0.5447313001548701,0.0,0
52.100,-0.8032294240864841,0.7786919691345908,-0.39135841889814893,0.8508808680556037,0.0,0,-0.5814946727319197,-0.4214355132796548,-0.4785643517971039,0.622122273653407,0.0,0
52.200,-0.8369543173096397,0.8036461418325251,-0.5898353945125234,0.9847236519510096,0.0,0,-0.5507227670062672,-0.3193855563347989,-0.4861883521080017,0.6995132471519439,0.0,0
52.300,-0.8706792105327953,0.8286003145304593,-0.7883123701268975,1.1185664358464154,0.0,0,-0.5199508612806147,-0.2173355993899433,-0.49381235241889954,0.7769042206504805,0.0,0
52.400,-0.9044041037559509,0.8535544872283936,-0.986789345741272,1.2524092197418213,0.0,0,-0.48917895555496216,-0.11528564244508743,-0.5014363527297974,0.8542951941490173,0.0,0
52.500,-0.8548251032829285,0.8649152994155884,-0.994233250617981,1.1693529844284059,0.0,0,-0.30508823394775386,-0.1622348189353943,-0.3687602192163467,0.7142178565263748,0.0,0
52.600,-0.805246102809906,0.8762761116027832,-1.00167715549469,1.0862967491149902,0.0,0,-0.12099751234054562,-0.20918399542570115,-0.23608408570289613,0.5741405189037323,0.0,0
52.700,-0.7556671023368835,0.887636923789978,-1.009121060371399,1.0032405138015748,0.0,0,0.06309320926666262,-0.256133171916008,-0.10340795218944548,0.4340631812810898,0.0,0
52.800,-0.7060881018638611,0.8989977359771728,-1.016564965248108,0.9201842784881591,0.0,0,0.24718393087387092,-0.30308234840631487,0.029268181324005105,0.29398584365844727,0.0,0
52.900,-0.6565091013908386,0.9103585481643677,-1.024008870124817,0.8371280431747437,0.0,0,0.4312746524810791,-0.3500315248966217,0.16194431483745575,0.15390850603580475,0.0,0
53.000,-0.630005419254303,0.8629824916521708,-1.0578773021697998,0.8425684571266174,0.0,0,0.5771686633427937,-0.30786743263403576,0.17420919239521027,0.2493063509464264,0.0,0
53.100,-0.6035017371177673,0.815606435139974,-1.0917457342147827,0.8480088710784912,0.0,0,0.7230626742045084,-0.2657033403714498,0.18647406995296478,0.34470419585704803,0.0,0
53.200,-0.5769980549812317,0.7682303786277771,-1.1256141662597656,0.853449285030365,0.0,0,0.8689566850662231,-0.22353924810886383,0.1987389475107193,0.4401020407676697,0.0,0
53.300,-0.40989878177642824,0.7534205794334412,-1.086501371860504,0.7385525286197663,0.0,0,0.8695414304733277,-0.18455122113227845,0.18499403595924377,0.49633121490478516,0.0,0
53.400,-0.24279950857162474,0.7386107802391052,-1.0473885774612426,0.6236557722091675,0.0,0,0.8701261758804322,-0.14556319415569305,0.17124912440776824,0.5525603890419006,0.0,0
53.500,-0.07570023536682136,0.7238009810447693,-1.0082757830619813,0.5087590157985687,0.0,0,0.8707109212875366,-0.10657516717910767,0.15750421285629274,0.6087895631790161,0.0,0
53.600,0.0913990378379822,0.7089911818504333,-0.9691629886627198,0.3938622593879699,0.0,0,0.8712956666946411,-0.06758714020252227,0.1437593013048172,0.6650187373161316,0.0,0
53.700,0.25849831104278564,0.6941813826560974,-0.9300501942634583,0.2789655029773712,0.0,0,0.8718804121017456,-0.02859911322593689,0.13001438975334167,0.7212479114532471,0.0,0
53.800,0.2828527589639028,0.6928670008977255,-0.9278355638186137,0.27588605880737305,0.0,0,0.8231055935223898,-0.05817430714766184,0.13789039850234985,0.5769058167934418,0.0,0
53.900,0.30720720688501996,0.6915526191393534,-0.9256209333737692,0.2728066146373749,0.0,0,0.7743307749430338,-0.0877495010693868,0.14576640725135803,0.4325637221336365,0.0,0
54.000,0.3315616548061371,0.6902382373809814,-0.9234063029289246,0.2697271704673767,0.0,0,0.725555956363678,-0.11732469499111176,0.1536424160003662,0.2882216274738312,0.0,0
54.100,0.44662101566791534,0.6216081082820892,-0.799908310174942,0.289836585521698,0.0,0,0.7099957168102264,-0.1177467368543148,0.15318291634321213,0.27823247015476227,0.0,0
54.200,0.5616803765296936,0.552977979183197,-0.6764103174209595,0.3099460005760193,0.0,0,0.6944354772567749,-0.11816877871751785,0.15272341668605804,0.26824331283569336,0.0,0
54.300,0.5172276735305786,0.5791396379470826,-0.7262236595153808,0.3105035960674286,0.0,0,0.6517151772975922,-0.2226570785045624,0.3169921517372132,0.30089856386184693,0.0,0
54.400,0.4727749705314636,0.605301296710968,-0.7760370016098023,0.3110611915588379,0.0,0,0.6089948773384094,-0.32714537829160695,0.48126088678836826,0.3335538148880005,0.0,0
54.500,0.42832226753234864,0.6314629554748535,-0.8258503437042236,0.3116187870502472,0.0,0,0.5662745773792267,-0.43163367807865144,0.6455296218395232,0.36620906591415403,0.0,0
54.600,0.3838695645332336,0.657624614238739,-0.8756636857986451,0.31217638254165647,0.0,0,0.5235542774200439,-0.536121977865696,0.8097983568906785,0.39886431694030766,0.0,0
54.700,0.33941686153411865,0.6837862730026245,-0.9254770278930664,0.3127339780330658,0.0,0,0.4808339774608612,-0.6406102776527405,0.9740670919418335,0.4315195679664612,0.0,0
54.800,0.351411372423172,0.6481876969337463,-0.9236128926277161,0.3285203278064728,0.0,0,0.4648692011833191,-0.6538534164428711,0.9852134585380554,0.382175087928772,0.0,0
54.900,0.5007935961087544,0.5299534201622009,-0.7509899934132894,0.4036121765772501,0.0,0,0.4678480525811513,-0.6551271478335062,0.9841464757919312,0.37250720461209613,0.0,0
55.000,0.6501758197943369,0.4117191433906555,-0.5783670941988628,0.47870402534802753,0.0,0,0.4708269039789836,-0.6564008792241415,0.9830794930458069,0.36283932129542035,0.0,0
55.100,0.7995580434799194,0.2934848666191101,-0.40574419498443604,0.5537958741188049,0.0,0,0.4738057553768158,-0.6576746106147766,0.9820125102996826,0.3531714379787445,0.0,0
55.200,0.7981746554374695,0.29050383567810056,-0.40486063361167907,0.5485864043235779,0.0,0,0.527549397945404,-0.5408165916800499,0.8179446041584015,0.3338055431842804,0.0,0
55.300,0.7967912673950195,0.2875228047370911,-0.4039770722389221,0.5433769345283508,0.0,0,0.5812930405139923,-0.42395857274532317,0.6538766980171203,0.3144396483898163,0.0,0
55.400,0.7954078793525696,0.28454177379608153,-0.4030935108661652,0.5381674647331238,0.0,0,0.6350366830825805,-0.3071005538105965,0.48980879187583926,0.29507375359535215,0.0,0
55.500,0.7940244913101197,0.28156074285507204,-0.4022099494934082,0.5329579949378968,0.0,0,0.6887803256511689,-0.19024253487586973,0.32574088573455806,0.27570785880088805,0.0,0
55.600,0.7926411032676697,0.2785797119140625,-0.40132638812065125,0.5277485251426697,0.0,0,0.7425239682197571,-0.07338451594114304,0.16167297959327698,0.25634196400642395,0.0,0
55.700,0.7545148432254791,0.31898292899131775,-0.4622858390212059,0.4821024611592293,0.0,0,0.7066775858402252,-0.19587005116045475,0.3474363908171654,0.30173731595277786,0.0,0
55.800,0.7163885831832886,0.359386146068573,-0.5232452899217606,0.4364563971757889,0.0,0,0.6708312034606934,-0.31835558637976646,0.5331998020410538,0.3471326678991318,0.0,0
55.900,0.678262323141098,0.39978936314582825,-0.5842047408223152,0.3908103331923485,0.0,0,0.6349848210811615,-0.4408411215990782,0.7189632132649422,0.3925280198454857,0.0,0
56.000,0.6401360630989075,0.4401925802230835,-0.6451641917228699,0.3451642692089081,0.0,0,0.5991384387016296,-0.5633266568183899,0.9047266244888306,0.4379233717918396,0.0,0
